person_id,name,photo_url,film_1,film_2,film_3
60959,Jackie Sandler,https://image.tmdb.org/t/p/original/j9XiOUVtolVM3sWGcLCw6yQSbJV.jpg,Hôtel Transylvanie,Pixels,Amour & Amnésie
1202534,Sadie Sandler,https://image.tmdb.org/t/p/original/a5DWcAnDDf3aZTryiYpY1ehqDyW.jpg,Hôtel Transylvanie,Pixels,Copains pour toujours
115440,Sydney Sweeney,https://image.tmdb.org/t/p/original/uDnIdU4KGjQg7liFvb9wnALvg95.jpg,Once Upon a Time... in Hollywood,Tout sauf toi,Madame Web
974169,Jenna Ortega,https://image.tmdb.org/t/p/original/7oUAtVgZU0uLdUSvDHKkINt1y7Y.jpg,Iron Man 3,Insidious : Chapitre 2,X
1253360,Pedro Pascal,https://image.tmdb.org/t/p/original/9VYK7oxcqhjd5LAH6ZFJ3XzOlID.jpg,Kingsman : Le Cercle d'or,Wonder Woman 1984,Equalizer 2
2238388,Venkitesh V P,https://image.tmdb.org/t/p/original/f7IZ6HMWgn4n6LkrdmThNQL7LZv.jpg,ദ പ്രീസ്റ്റ്,ഒടിയന്‍,വെളിപാടിന്റെ പുസ്തകം
976,Jason Statham,https://image.tmdb.org/t/p/original/whNwkEQYWLFJA8ij0WyOOAD5xhQ.jpg,Fast & Furious 7,Fast & Furious 6,Fast & Furious 8
1892,Matt Damon,https://image.tmdb.org/t/p/original/4KAxONjmVq7qcItdXo38SYtnpul.jpg,Interstellar,Thor : Ragnarok,Seul sur Mars
111924,Ryan Grantham,https://image.tmdb.org/t/p/original/wlWeQOjIcwColETLJmaaqm7eRuo.jpg,L'Imaginarium du Docteur Parnassus,Journal d'un dégonflé,Altitude
1522703,Hande Erçel,https://image.tmdb.org/t/p/original/jrUvWNqOpfDm3D0KhbuRwQOy8Nu.jpg,Au gré du vent,Drunk on Love,İki Dünya Bir Dilek
64,Gary Oldman,https://image.tmdb.org/t/p/original/2v9FVVBUrrkW2m3QOcYkuhq9A6o.jpg,The Dark Knight : Le Chevalier noir,The Dark Knight Rises,Harry Potter et le Prisonnier d'Azkaban
1836114,Malachi Barton,https://image.tmdb.org/t/p/original/jS5FrcVxxJHB4v7sXu7l4VMQb7x.jpg,Dora et la cité perdue,Le Secret de la momie,Zombies 4 : L'aube des vampires
556356,Vanessa Kirby,https://image.tmdb.org/t/p/original/OxYv1AYoUaV7Fw48afwV8wpuaY.jpg,Avant toi,Il était Temps,Mission : Impossible - Fallout
1245,Scarlett Johansson,https://image.tmdb.org/t/p/original/9t4CIXaNPkCB1BRivCVPej1SZGf.jpg,Avengers,Avengers : Infinity War,Avengers : Endgame
55256,Julie Ann Emery,https://image.tmdb.org/t/p/original/A29Nmt41IREXVNMk02cCxN9Ba6i.jpg,Hitch - Expert en séduction,Mary,My Movie Project
224513,Ana de Armas,https://image.tmdb.org/t/p/original/5Qne374OM0ewMM7uSN9eq9jNrWq.jpg,Blade Runner 2049,À couteaux tirés,Mourir peut attendre
500,Tom Cruise,https://image.tmdb.org/t/p/original/3mShHjSQR7NXOVbdTu5rT2Qd0MN.jpg,Edge of Tomorrow,Oblivion,Mission : Impossible - Protocole Fantôme
8783,Eric Bana,https://image.tmdb.org/t/p/original/xIjQVywxkymHbbSO7lD2F9f377W.jpg,Le Monde de Nemo,Troie,Star Trek
11701,Angelina Jolie,https://image.tmdb.org/t/p/original/bXNxIKcJ5cNNW8QFrBPWcfTSu9x.jpg,Maléfique,Kung Fu Panda,Mr. & Mrs. Smith
18897,Jackie Chan,https://image.tmdb.org/t/p/original/nraZoTzwJQPHspAVsKfgl3RXKKa.jpg,Kung Fu Panda,Kung Fu Panda 2,Kung Fu Panda 3
219763,Charlotte Spencer,https://image.tmdb.org/t/p/original/tht6qRKFD8aG5FdPHD6GBhV8Rfb.jpg,Dark Shadows,Les Misérables,Cendrillon
1271681,Sunny Sandler,https://image.tmdb.org/t/p/original/l6Dctozcim2E6k5Bf9uHvxEPBrQ.jpg,Hôtel Transylvanie,Pixels,Copains pour toujours
3896,Liam Neeson,https://image.tmdb.org/t/p/original/sRLev3wJioBgun3ZoeAUFpkLy0D.jpg,The Dark Knight Rises,Batman Begins,La Liste de Schindler
3371804,Christine Bermas,https://image.tmdb.org/t/p/original/7KPne6ysCl1ffWqYnDUWfye6vFP.jpg,Rita,Scorpio Nights 3,Bedspacer
10990,Emma Watson,https://image.tmdb.org/t/p/original/A14lLCZYDhfYdBa0fFRpwMDiwRN.jpg,Harry Potter à l'école des sorciers,Harry Potter et la Chambre des secrets,Harry Potter et le Prisonnier d'Azkaban
4669945,Sheena Cole,https://image.tmdb.org/t/p/original/A7xBCbV6z2mi3i8sqL1INRaViHY.jpg,Kalakal,Throuple,Sex On Phone
73968,Henry Cavill,https://image.tmdb.org/t/p/original/kN3A5oLgtKYAxa9lAkpsIGYKYVo.jpg,Batman v Superman : L'Aube de la Justice,Man of Steel,Justice League
109513,Alexandra Daddario,https://image.tmdb.org/t/p/original/lh5zibQXYH1MNqkuX8TmxyNYHhK.jpg,San Andreas,Baywatch : Alerte à Malibu,Percy Jackson : Le Voleur de foudre
3164807,Yoon Yool,https://image.tmdb.org/t/p/original/21kdujBeL2hrJ50RyMxmuEsHZAT.jpg,24살윤율의섹시한젖가슴,불륜 동창회3,초대받은 배달부
3392,Michael Douglas,https://image.tmdb.org/t/p/original/kVYGPIZowzXLEQfAGUNOqKjAbBb.jpg,Avengers : Endgame,Ant-Man,Ant-Man et la Guêpe
52848,Isla Fisher,https://image.tmdb.org/t/p/original/zNKTzzuyMYaCGEZKhwhqV1K8ffo.jpg,Insaisissables,Gatsby le Magnifique,Nocturnal Animals
12835,Vin Diesel,https://image.tmdb.org/t/p/original/nZdVry7lnUkE24PnXakok9okvL4.jpg,Avengers : Infinity War,Les Gardiens de la Galaxie,Avengers : Endgame
117642,Jason Momoa,https://image.tmdb.org/t/p/original/3troAR6QbSb6nUFMDu61YCCWLKa.jpg,Batman v Superman : L'Aube de la Justice,Aquaman,Dune : Première partie
31171,Julie Bowen,https://image.tmdb.org/t/p/original/5ewqnbPAY0EzZObGHIKU4VsCanD.jpg,Comment tuer son boss ?,Terminagolf,Hubie Halloween
1202534,Sadie Sandler,https://image.tmdb.org/t/p/original/a5DWcAnDDf3aZTryiYpY1ehqDyW.jpg,Hôtel Transylvanie,Pixels,Copains pour toujours
2189618,Chung Ye-jin,https://image.tmdb.org/t/p/original/2GJBcw3WhyJFgPJWzAVE9Qs4NKO.jpg,The Witch : 1ère partie. Subversion,The Witch: Part 2. The Other One,V.I.P.
29369,Melanie Griffith,https://image.tmdb.org/t/p/original/mq5VpOSPlNxSHqccXXZiy0LBXgC.jpg,The Disaster Artist,Stuart Little 2,Lolita
2786960,Gabriel Guevara,https://image.tmdb.org/t/p/original/pviRYKEEmoPUfLYwP1VHJ6LQcRg.jpg,À contre-sens,À contre-sens 2,Demain c'est aujourd'hui
3086996,He Congrui,https://image.tmdb.org/t/p/original/z4LDsNnkszZr8DCOQpjTLrBvNPn.jpg,剑归何处,御龙王妃,
1428070,Isabela Merced,https://image.tmdb.org/t/p/original/5R1oi4PH7GXWETJS8SbSo673gJt.jpg,Transformers : The Last Knight,Alien : Romulus,Sicario : La Guerre des cartels
3165040,Rika,https://image.tmdb.org/t/p/original/vwYqrhcSRVrnra4S0NopnywN8rK.jpg,처제 길들이기,비뇨기과 여의사들3,18 모델 리카의 화려한 외출
31171,Julie Bowen,https://image.tmdb.org/t/p/original/5ewqnbPAY0EzZObGHIKU4VsCanD.jpg,Comment tuer son boss ?,Terminagolf,Hubie Halloween
109513,Alexandra Daddario,https://image.tmdb.org/t/p/original/lh5zibQXYH1MNqkuX8TmxyNYHhK.jpg,San Andreas,Baywatch : Alerte à Malibu,Percy Jackson : Le Voleur de foudre
1597365,Joseph Quinn,https://image.tmdb.org/t/p/original/zshhuioZaH8S5ZKdMcojzWi1ntl.jpg,Gladiator II,Overlord,Sans un bruit : Jour 1
1428070,Isabela Merced,https://image.tmdb.org/t/p/original/5R1oi4PH7GXWETJS8SbSo673gJt.jpg,Transformers : The Last Knight,Alien : Romulus,Sicario : La Guerre des cartels
4095744,Dyessa Garcia,https://image.tmdb.org/t/p/original/xak9L0fkIOkjSwJpz3SWLl94tVP.jpg,Donselya,Tuhog,Pilya
33022,Dennis Morgan,https://image.tmdb.org/t/p/original/5yfGLf697VUrsDIhrVnAtVP7ftx.jpg,Joyeux Noël dans le Connecticut,Le Grand Ziegfeld,Il était une fois à Hollywood
2786960,Gabriel Guevara,https://image.tmdb.org/t/p/original/pviRYKEEmoPUfLYwP1VHJ6LQcRg.jpg,À contre-sens,À contre-sens 2,Demain c'est aujourd'hui
2049994,Zhao Lusi,https://image.tmdb.org/t/p/original/y82wmaDqTdXqvtasb4kxAIuT44U.jpg,缝纫机乐队,1921,云边有个小卖部
3126573,Choi Hyun-wook,https://image.tmdb.org/t/p/original/oHG5nnXAzkNBs0xEQlbwOaIFYPQ.jpg,Mantis,,
1584434,Deniz Can Aktaş,https://image.tmdb.org/t/p/original/2BiYbPCAosP81e1xffLDPMvEjtI.jpg,Bandırma Füze Kulübü,,
82953,Koretsugu Kurahara,https://image.tmdb.org/t/p/original/bHhEpg1fKZyx03X2Rylj4rey0X0.jpg,,,
1190668,Timothée Chalamet,https://image.tmdb.org/t/p/original/BE2sdjpgsa2rNTFa66f7upkaOP.jpg,Interstellar,Dune : Première partie,Call Me by Your Name
564975,John Destry,https://image.tmdb.org/t/p/original/snCZ3bQvf5YZzyGDHLeJk2BbBzf.jpg,Watchmen : Les Gardiens,Terminagolf,Hot Rod
3904236,Azi Acosta,https://image.tmdb.org/t/p/original/ANDA47GMfwbCtHfKafl09rcv6c.jpg,Selina's Gold,Pamasahe,Sila Ay Akin
3091887,Zhang Linghe,https://image.tmdb.org/t/p/original/3Jv2t7hyaHVUYOO85ELwz3Bxe4X.jpg,,,
16483,Sylvester Stallone,https://image.tmdb.org/t/p/original/gn3pDWthJqR0VDYGViGD3048og7.jpg,Les Gardiens de la Galaxie Vol. 2,Men in Black,The Suicide Squad
587020,Theo James,https://image.tmdb.org/t/p/original/lSC4cMhcQeCjPFkK6qCjSGDSeR3.jpg,Divergente,Divergente 2 : L'Insurrection,Divergente 3 : Au-delà du mur
1193371,Sean Kaufman,https://image.tmdb.org/t/p/original/9sMkCOJU6tWIoezXBapA58C4qpH.jpg,Other Mommy,je suis coincé à la dérive,City World
2065258,Cemre Baysel,https://image.tmdb.org/t/p/original/boFPytgGcEop9vbJcltNgjEEfPi.jpg,Aşk Filmi,,
118545,Dakota Johnson,https://image.tmdb.org/t/p/original/qFek0KqpaPV5mVyHHNfAapDE9Tj.jpg,The Social Network,Cinquante Nuances de Grey,21 Jump Street
1252061,Çağatay Ulusoy,https://image.tmdb.org/t/p/original/1G3wfYEiKBv1nNAKfx7RYhuOsPW.jpg,Des vies froissées,Delibal,Un parfait gentleman
3091887,Zhang Linghe,https://image.tmdb.org/t/p/original/3Jv2t7hyaHVUYOO85ELwz3Bxe4X.jpg,,,
1373737,Florence Pugh,https://image.tmdb.org/t/p/original/v06H7af46ClPgPdTA8klaO0DpLi.jpg,Black Widow,Oppenheimer,Le Chat Potté 2 : la dernière quête
4228797,Freya Skye,https://image.tmdb.org/t/p/original/rupbFO07L1M1Kt7vvtPU137Vp8f.jpg,Zombies 4 : L'aube des vampires,,
1071136,Sonja Jeannine,https://image.tmdb.org/t/p/original/x7SYzPgOYsSKLVroCg9CYb5adJ0.jpg,Le Petit-déjeuner Rapport des pneus,"Mannaja, l'homme a la hache",Le Corsaire Noir
3646314,Shiena Yu,https://image.tmdb.org/t/p/original/y0BzaRTsDNVZu92u8wtp2r8gTEs.jpg,Pamasahe,Sex Games,Sitio Diablo
3292,Nicholas Hoult,https://image.tmdb.org/t/p/original/laeAYQVBV9U3DkJ1B4Cn1XhpT8P.jpg,Mad Max : Fury Road,Deadpool 2,X-Men : Days of Future Past
1234363,Helena Yea,https://image.tmdb.org/t/p/original/b67aaAC8B0M1nZmCK2xXVoNwSKb.jpg,Terminagolf,Antitrust,Postal
1190668,Timothée Chalamet,https://image.tmdb.org/t/p/original/BE2sdjpgsa2rNTFa66f7upkaOP.jpg,Interstellar,Dune : Première partie,Call Me by Your Name
29221,Brittany Snow,https://image.tmdb.org/t/p/original/uSQW2E7caOaXHBbvL2jdzGbwDwH.jpg,The Hit Girls,Pitch Perfect 2,X
51797,Nathan Fillion,https://image.tmdb.org/t/p/original/aW6vCxkUZtwb6iH2Wf88Uq0XNVv.jpg,Les Gardiens de la Galaxie,Il faut sauver le soldat Ryan,Monstres Academy
2524,Tom Hardy,https://image.tmdb.org/t/p/original/d81K0RH8UX7tZj49tZaQhZ9ewH.jpg,Inception,The Dark Knight Rises,Mad Max : Fury Road
10912,Eva Green,https://image.tmdb.org/t/p/original/xCK90nAZWwElzmWwgvKyEwoCTrI.jpg,Casino Royale,Miss Peregrine et les enfants particuliers,Dark Shadows
6384,Keanu Reeves,https://image.tmdb.org/t/p/original/8RZLOyYGsoRe9p44q3xin9QkMHv.jpg,Matrix,John Wick,John Wick 2
1397778,Anya Taylor-Joy,https://image.tmdb.org/t/p/original/qYNofOjlRke2MlJVihmJmEdQI4v.jpg,Split,Super Mario Bros. le film,Glass
2939756,Ava Baya,https://image.tmdb.org/t/p/original/8aTqpiRhXzrjpgj9ztNPwf6VN03.jpg,Love Addict,Notre-Dame brûle,Le Théorème de Marguerite
3186373,Cha Woo-min,https://image.tmdb.org/t/p/original/3rVLU5iBMOOgu63FcQeOIYeOHsN.jpg,Brave Citizen,플로리다반점 (영화),고백의 역사
50463,Malin Åkerman,https://image.tmdb.org/t/p/original/q7U0YtgmqNa5oMBMzZ8JBLOKx6A.jpg,Watchmen : Les Gardiens,Rampage : Hors de contrôle,La Proposition
133658,Mari Tanaka,https://image.tmdb.org/t/p/original/itbky8XO4q1mljdYIRuh6DII0le.jpg,Sex Rider: Wet Highway,L'école de la sensualité,The Naked Seven
1234363,Helena Yea,https://image.tmdb.org/t/p/original/b67aaAC8B0M1nZmCK2xXVoNwSKb.jpg,Terminagolf,Antitrust,Postal
1813,Anne Hathaway,https://image.tmdb.org/t/p/original/s6tflSD20MGz04ZR2R1lZvhmC4Y.jpg,Interstellar,The Dark Knight Rises,Alice au pays des merveilles
3292,Nicholas Hoult,https://image.tmdb.org/t/p/original/laeAYQVBV9U3DkJ1B4Cn1XhpT8P.jpg,Mad Max : Fury Road,Deadpool 2,X-Men : Days of Future Past
2524,Tom Hardy,https://image.tmdb.org/t/p/original/d81K0RH8UX7tZj49tZaQhZ9ewH.jpg,Inception,The Dark Knight Rises,Mad Max : Fury Road
192,Morgan Freeman,https://image.tmdb.org/t/p/original/jPsLqiYGSofU4s6BjrxnefMfabb.jpg,The Dark Knight : Le Chevalier noir,Les Évadés,The Dark Knight Rises
4228797,Freya Skye,https://image.tmdb.org/t/p/original/rupbFO07L1M1Kt7vvtPU137Vp8f.jpg,Zombies 4 : L'aube des vampires,,
1134569,Ai Shinozaki,https://image.tmdb.org/t/p/original/5K746DtKlFK4UdQ7NA1Xr02pzkV.jpg,The Virgin Psychics,骨壺,パンツの穴 THE MOVIE 童貞喪失ラプソディ
1955840,Afra Saraçoğlu,https://image.tmdb.org/t/p/original/m4TXmHtDjtdFTRJPYVberQM1H6T.jpg,Kötü Çocuk,Aşk Bu Mu?,İkinci Şans
51797,Nathan Fillion,https://image.tmdb.org/t/p/original/aW6vCxkUZtwb6iH2Wf88Uq0XNVv.jpg,Les Gardiens de la Galaxie,Il faut sauver le soldat Ryan,Monstres Academy
505710,Zendaya,https://image.tmdb.org/t/p/original/3WdOloHpjtjL96uVOhFRRCcYSwq.jpg,Spider-Man : Homecoming,Spider-Man : No Way Home,Spider-Man : Far From Home
6384,Keanu Reeves,https://image.tmdb.org/t/p/original/8RZLOyYGsoRe9p44q3xin9QkMHv.jpg,Matrix,John Wick,John Wick 2
1152083,Sabrina Carpenter,https://image.tmdb.org/t/p/original/nxaluMAWGemjhXbUL3dhl4xof1K.jpg,Horns,The Hate U Give : La Haine qu'on donne,Tall Girl
1356210,Millie Bobby Brown,https://image.tmdb.org/t/p/original/xbcHTGvYAhJSVT9hwAS54055aHc.jpg,Godzilla vs. Kong,Godzilla II : Roi des Monstres,Enola Holmes
18918,Dwayne Johnson,https://image.tmdb.org/t/p/original/5QApZVV8FUFlVxQpIK3Ew6cqotq.jpg,Jumanji : Bienvenue dans la jungle,"Vaiana, la légende du bout du monde",Fast & Furious 7
204,Kate Winslet,https://image.tmdb.org/t/p/original/cPRq7uH3PIFcHilP15BrMKunink.jpg,Titanic,Eternal Sunshine of the Spotless Mind,Divergente
2688877,Roh Jae-won,https://image.tmdb.org/t/p/original/8M4PRXZGllg3yrwluJraP1bakLO.jpg,A Normal Family,Ditto,윤시내가 사라졌다
29221,Brittany Snow,https://image.tmdb.org/t/p/original/uSQW2E7caOaXHBbvL2jdzGbwDwH.jpg,The Hit Girls,Pitch Perfect 2,X
3398,Kim Bodnia,https://image.tmdb.org/t/p/original/koWU6vb82cuCDLeYE1erqnQ39cW.jpg,Serena,F1® Le Film,Pusher
6885,Charlize Theron,https://image.tmdb.org/t/p/original/ie1KbeYFG5E0GVr1QP7tDNuXvga.jpg,Mad Max : Fury Road,Prometheus,Fast & Furious 8
71070,Amanda Seyfried,https://image.tmdb.org/t/p/original/gtBUIpZ3dvLpOMIVORxE6sHSyZj.jpg,Time Out,Lolita malgré moi,Ted 2
16607,Alon Aboutboul,https://image.tmdb.org/t/p/original/ja0vix3b43U5whDTYZascbeXlQo.jpg,The Dark Knight Rises,La Chute de Londres,Rambo III
2283,Stanley Tucci,https://image.tmdb.org/t/p/original/q4TanMDI5Rgsvw4SfyNbPBh4URr.jpg,Hunger Games,Captain America : First Avenger,Hunger Games : L'Embrasement
2527414,Nicole Wallace,https://image.tmdb.org/t/p/original/xlvq6OYCN6yQef4fpJQtwVyQxqr.jpg,À contre-sens,À contre-sens 2,Excision
1392137,Margaret Qualley,https://image.tmdb.org/t/p/original/jStNyMj3acpLuH48awLVLqqlyaV.jpg,Once Upon a Time... in Hollywood,The Nice Guys,The Substance
1424928,Burak Özçivit,https://image.tmdb.org/t/p/original/pF8EHDM2ETDT2X2Pwg3Ak0ZCPAY.jpg,Kardeşim Benim,Aşk Sana Benzer,Musallat
6161,Jennifer Connelly,https://image.tmdb.org/t/p/original/7GzRB9aAJVkWaQ2BuzzlpTwYf56.jpg,Spider-Man : Homecoming,Un homme d'exception,Requiem for a Dream
78080,Krysten Ritter,https://image.tmdb.org/t/p/original/vDr20j128E6Uo1XZLChPoW7FbMG.jpg,"El Camino : Un film ""Breaking Bad""",Big Eyes,27 robes
1837297,Damson Idris,https://image.tmdb.org/t/p/original/4jKOg4jCqNwXyrYd3coqgmCqkMy.jpg,The Passenger,Zone hostile,F1® Le Film
1136406,Tom Holland,https://image.tmdb.org/t/p/original/bBRlrpJm9XkNSg0YT5LCaxqoFMX.jpg,Avengers : Infinity War,Avengers : Endgame,Captain America : Civil War
139,Uma Thurman,https://image.tmdb.org/t/p/original/lg04iEqT6TC40H1jz10Z99OFMXx.jpg,Pulp Fiction,Kill Bill : Volume 1,Kill Bill : Volume 2
3603745,Nana Ayano,https://image.tmdb.org/t/p/original/iHievLY5ICKUWtFO46UC4jDaDyK.jpg,A Bride for Rip Van Winkle,,
4587,Halle Berry,https://image.tmdb.org/t/p/original/9aLI0LSi7cbieyiskOdsBaneKmp.jpg,X-Men : Days of Future Past,X-Men,John Wick : Parabellum
62105,Kerry Condon,https://image.tmdb.org/t/p/original/8RO25vJxQSoNdhsVbiAHOsiGfvl.jpg,Avengers : Infinity War,Avengers : Endgame,Avengers : L'Ère d'Ultron
544440,Zuria Vega,https://image.tmdb.org/t/p/original/oaTw6Qz48KMY7xwAYOAJZ8HFIFb.jpg,¿Y Cómo Es Él?,No sé si cortarme las venas o dejármelas largas,Más negro que la noche
17521,Kelly Reilly,https://image.tmdb.org/t/p/original/gof8bWW9E7MH30GpvA97PwGiIuu.jpg,Sherlock Holmes,Sherlock Holmes : Jeu d'ombres,Orgueil et Préjugés
81676,Raj Nidimoru,https://image.tmdb.org/t/p/original/8Pu6AWiB6BC0LZgL8KrtgtlmHy8.jpg,The Family Man Reunion,,
4179565,Shubham Vardhan,https://image.tmdb.org/t/p/original/dcJDMYsop9H0T7x0qcbntLvvWPw.jpg,,,
2365187,Liu Yuning,https://image.tmdb.org/t/p/original/iCQIVw4Dh8nbXy13xy1VJX5snoh.jpg,Line Walker 2,江苏卫视2024跨年演唱会,2024美好中国新歌会
4443,Christopher McDonald,https://image.tmdb.org/t/p/original/gK1XhbfD9Xd8s3VXRPpgDCluyZp.jpg,Requiem for a Dream,Le Géant de fer,Thelma & Louise
3972,Wentworth Miller,https://image.tmdb.org/t/p/original/js09M98qo6rEyyIlTbRMI6XiZJH.jpg,Underworld,Resident Evil : Afterlife,Vertiges
524,Natalie Portman,https://image.tmdb.org/t/p/original/edPU5HxncLWa1YkgRPNkSd68ONG.jpg,Avengers : Endgame,Thor,Thor : Le Monde des ténèbres
40259,Malcolm-Jamal Warner,https://image.tmdb.org/t/p/original/2RcJUoeYvnRFkIIYklVUyIxu92Z.jpg,L'Amour de l'or,Drop Zone,Pilotes de choix
1590797,Sadie Sink,https://image.tmdb.org/t/p/original/vo5x9GRs2vT47LNb1HZvKUEsk8C.jpg,The Whale,"Fear Street, partie 1 : 1994","Fear Street, partie 2 : 1978"
5155622,徐卓儿,https://image.tmdb.org/t/p/original/7xZu2u4w2QWpWiuvQFA61QStqE9.jpg,戏台,,
37995,Bo Derek,https://image.tmdb.org/t/p/original/mmCo56529hEkYZ2KV9ilWS8HXRX.jpg,Le courage d'un con,Sharknado 3 : Oh Hell No!,Orca
49624,Jensen Ackles,https://image.tmdb.org/t/p/original/vFegIjLLQGwPn6af4SE9LAbnGNE.jpg,Batman et Red Hood : Sous le masque rouge,Meurtres à la St-Valentin,Batman : The Long Halloween 1ère Partie
125025,Joey King,https://image.tmdb.org/t/p/original/b0diEOPPAxOOInWOP9koaqvqUvi.jpg,The Dark Knight Rises,Conjuring : Les Dossiers Warren,"Crazy, Stupid, Love"
2888,Will Smith,https://image.tmdb.org/t/p/original/8TlKqbXYgHmmaEoPBJ7djJ8Rxxa.jpg,Suicide Squad,Je suis une légende,Men in Black
52478,Rachel Blanchard,https://image.tmdb.org/t/p/original/l8vUgOu1xVE1BKVCyrBf4M5PCBG.jpg,Road trip,Des Serpents Dans l'Avion,Eaux profondes
1253391,Ji Chang-wook,https://image.tmdb.org/t/p/original/afgwHQJ3BP6ygM2ZUUZO60U84q0.jpg,Fabricated City,Hard Hit,Death Bell 2 - Le Camp de la mort
19498,Jon Bernthal,https://image.tmdb.org/t/p/original/o0t6EVkJOrFAjESDilZUlf46IbQ.jpg,Le Loup de Wall Street,Baby Driver,Fury
2462819,Özge Törer,https://image.tmdb.org/t/p/original/mCs3jsb8csJm6VEzhVwJh4DO7mU.jpg,,,
3176248,Tian Xuning,https://image.tmdb.org/t/p/original/cja4cqfeaTtUvCxmDC4joZqFUDm.jpg,,,
1388593,Jodie Comer,https://image.tmdb.org/t/p/original/iOP2tHyxtPiUzIBHzxxehBy9Khu.jpg,Star Wars : L'Ascension de Skywalker,Free Guy,Le Dernier Duel
47296,Jeffrey Dean Morgan,https://image.tmdb.org/t/p/original/m8bdrmh6ExDCGQ64E83mHg002YV.jpg,Batman v Superman : L'Aube de la Justice,Watchmen : Les Gardiens,Rampage : Hors de contrôle
1136406,Tom Holland,https://image.tmdb.org/t/p/original/bBRlrpJm9XkNSg0YT5LCaxqoFMX.jpg,Avengers : Infinity War,Avengers : Endgame,Captain America : Civil War
25002,Lee Byung-hun,https://image.tmdb.org/t/p/original/pY4pwYO8qwtzvuzpzRczDACDiVA.jpg,Terminator Genisys,Les Sept Mercenaires,G.I. Joe : Conspiration
1974009,Kim Do-hee,https://image.tmdb.org/t/p/original/vDK2YCaePyUO4bxTE5mbvQqdqwp.jpg,러시아 엄마,선 섹스 후 사랑,착한 여비서의 목적
2327551,Giovanna Romo,https://image.tmdb.org/t/p/original/6GzWJpSeXBl4A9ulqP13BsBtK3u.jpg,Me vuelves loca,Divina Señal,"¡Qué Huevos, Sofía!"
18973,Mila Kunis,https://image.tmdb.org/t/p/original/cJAHQWX9hVadDFx5WTSBIW0VjvP.jpg,Black Swan,Ted,Sexe entre amis
71070,Amanda Seyfried,https://image.tmdb.org/t/p/original/gtBUIpZ3dvLpOMIVORxE6sHSyZj.jpg,Time Out,Lolita malgré moi,Ted 2
2374721,Han Seo-ah,https://image.tmdb.org/t/p/original/hfcHoS3o2sCLkZHJpqcnSIDaEav.jpg,딸의 친구 4,어린 처제 3,막내 처제
41901,Roselyn Sánchez,https://image.tmdb.org/t/p/original/t1xPA67A2VoQwjEC43hmOzEKNP3.jpg,Rush Hour 2,Maxi Papa,Act of valor: Les soldats de l'ombre
1914958,Milo Manheim,https://image.tmdb.org/t/p/original/yMs7mIQIyGSHXwFUJvbt3QmFF4.jpg,Thanksgiving : La Semaine de l'horreur,Z-O-M-B-I-E-S,Z-O-M-B-I-E-S 2
1234713,Melissa O'Neil,https://image.tmdb.org/t/p/original/jDR0MFSeoFeqLZ4YkbN8kZj75Fu.jpg,L'Ombre d'Emily,Lost Generation,
3131,Antonio Banderas,https://image.tmdb.org/t/p/original/fce7zl6elUzsv7wudHFc7RgFtjD.jpg,Shrek 2,Shrek le troisième,Le Chat Potté 2 : la dernière quête
17276,Gerard Butler,https://image.tmdb.org/t/p/original/rTO5opVC3Gs6hPYAxWSP9eEjogi.jpg,300,Dragons,Dragons 2
2064124,Nico Parker,https://image.tmdb.org/t/p/original/gt0NJClVSCPCEfcPgcLj3f85uLa.jpg,Dumbo,Reminiscence,Dragons
13240,Mark Wahlberg,https://image.tmdb.org/t/p/original/bTEFpaWd7A6AZVWOqKKBWzKEUe8.jpg,Les Infiltrés,Ted,Transformers : L’Âge de l’extinction
4174,Claire Forlani,https://image.tmdb.org/t/p/original/4xy9tARkNN3nAnDhHvMSeEt18mz.jpg,À deux mètres de toi,Rencontre avec Joe Black,Rock
1954014,Leya Kırşan,https://image.tmdb.org/t/p/original/kfyJLJ1WhjHihxqsSHFnRqGucRL.jpg,Tozkoparan: İskender - 1071,Tozkoparan: Iskender - Zafer,
525,Christopher Nolan,https://image.tmdb.org/t/p/original/xuAIuYSmsUzKlUMBFGVZaWsY3DZ.jpg,La révolution digitale,"Oppenheimer, l'homme et la bombe",Interstellar: Nolan's Odyssey
1292489,Kimberley Drummond,https://image.tmdb.org/t/p/original/1wE1KFtRMqX8S3oRAo163h1r8TD.jpg,Django Unchained,Hunger Games : L'Embrasement,We Need to Talk About Kevin
5081,Emily Blunt,https://image.tmdb.org/t/p/original/zpJ7pupuNF3W0zTxm6yioGIoxbd.jpg,Sans un bruit,Edge of Tomorrow,Le Diable s'habille en Prada
2590519,Han Yi-seul,https://image.tmdb.org/t/p/original/3VeE7R9ism39ZSftTeQ3hJdNI7F.jpg,O형수박가슴가정부,가슴 큰 울 엄마,구멍동서
4095689,Angelica Hart,https://image.tmdb.org/t/p/original/bMohhjKqkgPKaeOmwfDoiO0uZgs.jpg,Higop,Butas,Bisyo!
1181354,Ilfenesh Hadera,https://image.tmdb.org/t/p/original/esa2Y2tE3TsoGZtN449IsGK3ZeG.jpg,Baywatch : Alerte à Malibu,Oldboy,Werewolves
568141,Karina Verlier,https://image.tmdb.org/t/p/original/ti1MELiyER3sKF248SHpEupNghT.jpg,La Cité des femmes,Black Emanuelle en Amérique,La Chambre de l'évêque
19498,Jon Bernthal,https://image.tmdb.org/t/p/original/o0t6EVkJOrFAjESDilZUlf46IbQ.jpg,Le Loup de Wall Street,Baby Driver,Fury
1388593,Jodie Comer,https://image.tmdb.org/t/p/original/iOP2tHyxtPiUzIBHzxxehBy9Khu.jpg,Star Wars : L'Ascension de Skywalker,Free Guy,Le Dernier Duel
5235257,Kim Sun-young,https://image.tmdb.org/t/p/original/kdS3LYZ30fx4NL7coPJ3WUUAlLx.jpg,The Chaser,"Le Bon, la Brute et le Cinglé",화려한 외출
2342736,Tuana Naz Tiryaki,https://image.tmdb.org/t/p/original/sj82tvqKQsk9Dxl83TECctYcsH1.jpg,Biz Size Döneriz,Aşk Sadece Bir An,İki
525,Christopher Nolan,https://image.tmdb.org/t/p/original/xuAIuYSmsUzKlUMBFGVZaWsY3DZ.jpg,La révolution digitale,"Oppenheimer, l'homme et la bombe",Interstellar: Nolan's Odyssey
17276,Gerard Butler,https://image.tmdb.org/t/p/original/rTO5opVC3Gs6hPYAxWSP9eEjogi.jpg,300,Dragons,Dragons 2
2112856,Jin Si-ah,https://image.tmdb.org/t/p/original/5aM3mGtSYbOmEEJlKSdmtuiziLC.jpg,미용실 특별한 서비스 2,배달노출: 알몸으로 유혹하기,젊은엄마 : 디 오리지널
2327551,Giovanna Romo,https://image.tmdb.org/t/p/original/6GzWJpSeXBl4A9ulqP13BsBtK3u.jpg,Me vuelves loca,Divina Señal,"¡Qué Huevos, Sofía!"
25837,Elisha Cuthbert,https://image.tmdb.org/t/p/original/lsNwsJjGZqgjVUI1mhtcDCuwES3.jpg,Love Actually,Girl Next Door,La maison de cire
25002,Lee Byung-hun,https://image.tmdb.org/t/p/original/pY4pwYO8qwtzvuzpzRczDACDiVA.jpg,Terminator Genisys,Les Sept Mercenaires,G.I. Joe : Conspiration
230659,Takeru Satoh,https://image.tmdb.org/t/p/original/dKWtZXEnTOedUUnDwBCZZN7w2uG.jpg,Kenshin : le vagabond,Belle,Kenshin : Kyoto Inferno
1172108,Mckenna Grace,https://image.tmdb.org/t/p/original/1bOvCILCRZDohuNKKOBqADRNNn9.jpg,Captain Marvel,Ready Player One,Independence Day : Resurgence
1974009,Kim Do-hee,https://image.tmdb.org/t/p/original/vDK2YCaePyUO4bxTE5mbvQqdqwp.jpg,러시아 엄마,선 섹스 후 사랑,착한 여비서의 목적
1425934,Nicholas Galitzine,https://image.tmdb.org/t/p/original/hG4rH7eBMs117746bBOd8fUa4PA.jpg,Nos cœurs meurtris,L'Idée d'être avec toi,Cendrillon
4095689,Angelica Hart,https://image.tmdb.org/t/p/original/bMohhjKqkgPKaeOmwfDoiO0uZgs.jpg,Higop,Butas,Bisyo!
1421393,Mitchell Hope,https://image.tmdb.org/t/p/original/oENPvMMblZYzEd4tGJ6VGaxsg6q.jpg,Descendants,Descendants 2,Descendants 3
83708,Nora Kirkpatrick,https://image.tmdb.org/t/p/original/5bvP09h26AxkKRWeCVAHtvB5xfq.jpg,Sandy Wexler,Sexy Evil Genius,Parasites
2340185,Barbie Ferreira,https://image.tmdb.org/t/p/original/kl59GoAbazPffmmZtSLZmUQCK6S.jpg,Nope,Unpregnant,House of Spoils
17838,Rami Malek,https://image.tmdb.org/t/p/original/ewr46CGOdsx5NzAJdIzEBz2yIQh.jpg,Bohemian Rhapsody,Oppenheimer,La Nuit au musée
1138979,Eugeniusz Bodo,https://image.tmdb.org/t/p/original/9LTYvTDkoJ8ZjXvx4Cp7HmIiIiY.jpg,L'étage au-dessus,Paweł i Gaweł,Mam'zelle l'ingénieur
212225,Kim Kardashian,https://image.tmdb.org/t/p/original/3TLSq0aHXyxtqaXe9p7yB5Daqsa.jpg,Ocean's 8,La Pat' Patrouille : Le Film,Disaster Movie
4443,Christopher McDonald,https://image.tmdb.org/t/p/original/gK1XhbfD9Xd8s3VXRPpgDCluyZp.jpg,Requiem for a Dream,Le Géant de fer,Thelma & Louise
2342736,Tuana Naz Tiryaki,https://image.tmdb.org/t/p/original/sj82tvqKQsk9Dxl83TECctYcsH1.jpg,Biz Size Döneriz,Aşk Sadece Bir An,İki
933238,Rebecca Ferguson,https://image.tmdb.org/t/p/original/lJloTOheuQSirSLXNA3JHsrMNfH.jpg,Dune : Première partie,The Greatest Showman,Mission : Impossible - Rogue Nation
129497,Lotfy Labib,https://image.tmdb.org/t/p/original/guGZ0Xv4csBj10ipPlQAgf0yq6o.jpg,Bittersweet,Infiltré à la fac,Can't Complain
206,Jim Carrey,https://image.tmdb.org/t/p/original/u0AqTz6Y7GHPCHINS01P7gPvDSb.jpg,The Truman Show,Eternal Sunshine of the Spotless Mind,Bruce tout-puissant
135651,Michael B. Jordan,https://image.tmdb.org/t/p/original/515xNvaMC6xOEOlo0sFqW69ZqUH.jpg,Black Panther,Creed : L'héritage de Rocky Balboa,Black Panther : Wakanda Forever
105282,Stig R. Amdam,https://image.tmdb.org/t/p/original/poJH7EEUfBi7uEGOcE5flOpSPWG.jpg,The Quake,Battle,Babycall
34735,Loni Anderson,https://image.tmdb.org/t/p/original/wMtTIsVcYGz5oRyRp4Ut713WQvC.jpg,"Charlie, mon héros",Une Nuit au Roxbury,Ninja Kids 4 : Les 3 Ninjas se déchaînent
2129566,Matthew Noszka,https://image.tmdb.org/t/p/original/1kALpbgg7wmeeVBZ2THHTQCnU4l.jpg,Le Challenge,Flocons d'amour,Perfect Addiction
211599,Charles Henry Wyson,https://image.tmdb.org/t/p/original/xYorOCYte7AwndbdBDn8ONlJoua.jpg,L'Étrange Histoire de Benjamin Button,Une leçon de Vie,Les Copains et la légende du chien maudit
13359,Tully Marshall,https://image.tmdb.org/t/p/original/4bBj7eZ2A8LjO1HZnHipjPhLu5Z.jpg,Scarface,Intolérance,Grand Hotel
1935646,Pınar Deniz,https://image.tmdb.org/t/p/original/zZj5nq9dP3otwFBmEgvSHiBaNqO.jpg,Le Cataclysme de l'amour,Kardeşim Benim 2,Deux Types de Personnes
2037,Cillian Murphy,https://image.tmdb.org/t/p/original/llkbyWKwpfowZ6C8peBjIV9jj99.jpg,Inception,The Dark Knight : Le Chevalier noir,The Dark Knight Rises
2203,Neal McDonough,https://image.tmdb.org/t/p/original/3mI3i1CpjATSCta1Tb2qsyl1KCh.jpg,Captain America : First Avenger,"Sonic, le film",Minority Report
1205,Richard Gere,https://image.tmdb.org/t/p/original/dVlutWZ75StO0KWGj26sLXe0bjH.jpg,Pretty Woman,Hatchi,Peur primale
1205,Richard Gere,https://image.tmdb.org/t/p/original/dVlutWZ75StO0KWGj26sLXe0bjH.jpg,Pretty Woman,Hatchi,Peur primale
2064124,Nico Parker,https://image.tmdb.org/t/p/original/gt0NJClVSCPCEfcPgcLj3f85uLa.jpg,Dumbo,Reminiscence,Dragons
3223,Robert Downey Jr.,https://image.tmdb.org/t/p/original/5qHNjhtjMD4YWH3UP0rm4tKwxCL.jpg,Avengers,Avengers : Infinity War,Iron Man
5155622,徐卓儿,https://image.tmdb.org/t/p/original/7xZu2u4w2QWpWiuvQFA61QStqE9.jpg,戏台,,
1622773,Briar Nolet,https://image.tmdb.org/t/p/original/kxwz8ruXwCNsHtvKXOH0Fi2L93X.jpg,Flocons d'amour,An American Girl: Isabelle Dances Into the Spotlight,Something Here
2234011,Soma Santoki,https://image.tmdb.org/t/p/original/g4I9g3IRcbxqTqDuOtgG9QicvfB.jpg,Le Garçon et le héron,The Promised Neverland,ラーゲリより愛を込めて
14406,Lisa Kudrow,https://image.tmdb.org/t/p/original/ziatnwJRiBJIcc8jlk6xoClhfOy.jpg,Baby Boss,Easy Girl,Nos Pires Voisins
2731993,Zhu Jian,https://image.tmdb.org/t/p/original/tffwJYmKxY03vbiXGLvzT7xvSKi.jpg,御前厨神：满汉全席,白龙马之逆天之龙,
1003,Jean Reno,https://image.tmdb.org/t/p/original/mw0EZJYz3kiFq9fNxsML773gotF.jpg,Léon,Da Vinci Code,Mission : Impossible
5696,Bruce Beresford,https://image.tmdb.org/t/p/original/p5p1YhKTh1EOSvf1NO96oBQI2Ll.jpg,Not Quite Hollywood,Don's Party,Barry McKenzie Holds His Own
2963,Nicolas Cage,https://image.tmdb.org/t/p/original/y1RtezurZYveYkVNRht7CwEgSYY.jpg,Spider-Man : New Generation,Kick-Ass,Les Croods
1425934,Nicholas Galitzine,https://image.tmdb.org/t/p/original/hG4rH7eBMs117746bBOd8fUa4PA.jpg,Nos cœurs meurtris,L'Idée d'être avec toi,Cendrillon
3356326,Napapach Thitakawin,https://image.tmdb.org/t/p/original/rkGTR3ouTYWbzeyIqMQPsOhLEwn.jpg,ทำตัวไม่ถูก,,
70492,Peggy Dow,https://image.tmdb.org/t/p/original/4mnt1L1eAEhmcEkjysvzn8y27PT.jpg,Harvey,L'Araignée,Undertow
1042728,Úrsula Corberó,https://image.tmdb.org/t/p/original/cmH8Z459tw9YkR61QfxlCSlZw9P.jpg,Snake Eyes,En plein vol,La casa de papel : Le phénomène
107874,Joanna Brodzik,https://image.tmdb.org/t/p/original/B7JFNHl3lZejUXYTlXHKDjiekF.jpg,Le Pianiste,Par le fer et par le feu,Nigdy w życiu!
999449,Emily Alatalo,https://image.tmdb.org/t/p/original/u9Ir0RZ9czYik7luqZ8cn4YRs9Z.jpg,The Returned,All Hallows' Eve 2,Fight Girls
230659,Takeru Satoh,https://image.tmdb.org/t/p/original/dKWtZXEnTOedUUnDwBCZZN7w2uG.jpg,Kenshin : le vagabond,Belle,Kenshin : Kyoto Inferno
79089,Don Hany,https://image.tmdb.org/t/p/original/bkwWtqP5NgsYGrFLfWQuJEWWFvw.jpg,The TV Set,Le Mariage d'Ali,Jack Irish: Black Tide
380,Robert De Niro,https://image.tmdb.org/t/p/original/cT8htcckIuyI1Lqwt1CvD02ynTh.jpg,Joker,Les Affranchis,"Le Parrain, 2e partie"
2231,Samuel L. Jackson,https://image.tmdb.org/t/p/original/AiAYAqwpM5xmiFrAIeQvUXDCVvo.jpg,Avengers,Avengers : Infinity War,Pulp Fiction
23649,Lem Dobbs,https://image.tmdb.org/t/p/original/2pMUZcTsKP04whP6YYPsVU1usg1.jpg,The Boy Who Turned Yellow,Becoming John Ford,
3490247,Denise Esteban,https://image.tmdb.org/t/p/original/oWfSxfnjrBL1j4kkZmiMdOK2dJ0.jpg,"Kinsenas, Katapusan",Belyas,Kaliwaan
1442069,Finn Wolfhard,https://image.tmdb.org/t/p/original/5OVmquAk0W5BIsRlVKslEP497JD.jpg,Ça,Ça : Chapitre 2,S.O.S. Fantômes : L'Héritage
9052,Noel Langley,https://image.tmdb.org/t/p/original/tBgIv5a39c1t115BKC4Tz7Nj5TY.jpg,,,
2919318,NINGNING,https://image.tmdb.org/t/p/original/9Z1KBJ3p9KYnoYclwvyAJkvFlJU.jpg,Lee Soo Man : Le Roi de la K-Pop,SMTOWN Live | 2022: SMCU EXPRESS @ KWANGYA,My Synk. aespa
74409,Eric Winter,https://image.tmdb.org/t/p/original/5fnokeM7Bi562ubR6wZnmyNTzqg.jpg,L'Abominable Vérité,Harold et Kumar s'évadent de Guantanamo,Fire with Fire : Vengeance par le feu
1189943,Kim Wilde,https://image.tmdb.org/t/p/original/fxGwPGST05Bk72GCYNZWcbwWU8O.jpg,Everything: The Real Thing Story,Countdown - The Wonder Years 2,Kim Wilde: Pop Don't Stop - Greatest Hits
34486,Ashley Johnson,https://image.tmdb.org/t/p/original/8s36QwB7Zq3PrbY1W6a6ctTFFoe.jpg,Avengers,La Couleur des sentiments,Ce que veulent les femmes
2381635,Cho Mi-yeon,https://image.tmdb.org/t/p/original/6eEcfwM7l0K82kqjyvpzKeGS2gJ.jpg,2020 (G)I-DLE Online Concert 'I-Land : Who Am I',빅토리,Her Bucket List
117437,Patrick St. Esprit,https://image.tmdb.org/t/p/original/1yrW51oGJEElYqG3BzX0N1Ky7Rd.jpg,Hunger Games : L'Embrasement,Fast & Furious 8,Super 8
1296713,Yim Si-wan,https://image.tmdb.org/t/p/original/8XbMzvYE3KUNDW1jEHSCjM9t89n.jpg,Squid Game : Le making-of de la saison 2,Défense d'atterrir,Unlocked
1255064,Richard Cawthorne,https://image.tmdb.org/t/p/original/vHiIRRxFOdB0jKbBL9Xdf4Umj20.jpg,Upgrade,L'Ultime Sacrifice,Noise
105646,Linda Park,https://image.tmdb.org/t/p/original/9yUfbbcea278H5j5KC0e54m1kLE.jpg,Jurassic Park III,Infestation,The Face of Love
2405715,Curtis Mark Williams,https://image.tmdb.org/t/p/original/uATyhsi6OHHTNJIUxaV9przdUzV.jpg,Primrose Lane,,
2414436,Derya Pınar Ak,https://image.tmdb.org/t/p/original/u3AfJhgvNVaGcyjRCrYmdIud6VR.jpg,3391 Kilometre,Kar ve Ayı,Daha İyi Bir Yarın
105002,Rick Peters,https://image.tmdb.org/t/p/original/A8uebBEdc7jyVmruFdJ7CVUam4K.jpg,Holidays,Leprechaun 4 : Destination cosmos,La nuit des démons 2
16828,Chris Evans,https://image.tmdb.org/t/p/original/3bOGNsHlrswhyW79uvIHH1V43JI.jpg,Avengers,Avengers : Infinity War,Avengers : Endgame
5469,Ralph Fiennes,https://image.tmdb.org/t/p/original/u29BOqiV5GCQ8k8WUJM50i9xlBf.jpg,Harry Potter et la Coupe de feu,Harry Potter et les Reliques de la Mort - 2ème partie,Harry Potter et l'Ordre du Phénix
6736,Pamela Anderson,https://image.tmdb.org/t/p/original/rY2X5J2E8pgWOJi0oa23jc3oqfb.jpg,Baywatch : Alerte à Malibu,Borat : Leçons culturelles sur l'Amérique pour profit glorieuse nation Kazakhstan,Scooby-Doo
17419,Bryan Cranston,https://image.tmdb.org/t/p/original/aGSvZg7uITJveQtGHDcPNI6map1.jpg,Il faut sauver le soldat Ryan,Drive,Godzilla
55638,Kevin Hart,https://image.tmdb.org/t/p/original/byiNydUlM6oP8diA7WMvYbNM7a1.jpg,Jumanji : Bienvenue dans la jungle,Jumanji : Next Level,Comme des bêtes
2025442,Michelle Martin,https://image.tmdb.org/t/p/original/sr14wtnSJ7U0ivRd4QTyd6NxQuR.jpg,Une pincée de romance,La clé d'un Noël réussi,Le calendrier de Noël
90633,Gal Gadot,https://image.tmdb.org/t/p/original/qCJB1ACi5VjtY4ypXuv3hjAvbSu.jpg,Wonder Woman,Batman v Superman : L'Aube de la Justice,Justice League
8167,Paul Walker,https://image.tmdb.org/t/p/original/q2PLqKHYCs35HR7QybaNPH3JT96.jpg,Fast & Furious 7,Fast & Furious 6,Fast and Furious
131,Jake Gyllenhaal,https://image.tmdb.org/t/p/original/rJdYHYNhlcOBwbPvDZVvt1xw7bi.jpg,Spider-Man : Far From Home,Donnie Darko,Prisoners
2349355,Michele Morrone,https://image.tmdb.org/t/p/original/saKjzGAuw8Fiutlv9LweLjAti0Z.jpg,365 jours,365 jours : Au lendemain,365 jours : L'Année d'après
3174601,Lily Santiago,https://image.tmdb.org/t/p/original/pdGmjeg5YzZQfbUuS3KofQqDHTc.jpg,Lackawanna Blues,Vineyards,Mac Beth
1668004,Bella Ramsey,https://image.tmdb.org/t/p/original/wx78DnBixam4eXlwVVZs16fWP98.jpg,Judy,Holmes & Watson,Chicken Run : La menace nuggets
488,Steven Spielberg,https://image.tmdb.org/t/p/original/tZxcg19YQ3e8fJ0pOs7hjlnmmr6.jpg,Men in Black,Les Dents de la mer,Indiana Jones et le Temple maudit
11794,Frances Bay,https://image.tmdb.org/t/p/original/1mtcINBBbvb7E4ySgOr86u34XLJ.jpg,Karaté Kid,Blue Velvet,Terminagolf
8263,Andrea Martin,https://image.tmdb.org/t/p/original/lOP6nvTOvqpdHtEMfLCvNqUaRnp.jpg,La Nuit au musée : Le Secret des pharaons,Anastasia,Mariage à la grecque
16828,Chris Evans,https://image.tmdb.org/t/p/original/3bOGNsHlrswhyW79uvIHH1V43JI.jpg,Avengers,Avengers : Infinity War,Avengers : Endgame
62747,Chad Michael Murray,https://image.tmdb.org/t/p/original/jIkzUQUVLkgn3HFMFRJBDAD0OLj.jpg,Freaky Friday : Dans la peau de ma mère,Comme Cendrillon,La maison de cire
1260846,Asami Kanno,https://image.tmdb.org/t/p/original/klYazHEdScAq8S9FycxXX36RnF3.jpg,新金瓶梅 第三集,Devil Angel,新金瓶梅 第一集
4886,Norman Reedus,https://image.tmdb.org/t/p/original/ozHPdO5jAt7ozzdZUgyRAMNPSDW.jpg,American Gangster,Blade II,Vive les Vacances
2511949,Anna-Maria Sieklucka,https://image.tmdb.org/t/p/original/c5Rhg0pewnANvLfx2fDXKTLawTb.jpg,365 jours,365 jours : Au lendemain,365 jours : L'Année d'après
40259,Malcolm-Jamal Warner,https://image.tmdb.org/t/p/original/2RcJUoeYvnRFkIIYklVUyIxu92Z.jpg,L'Amour de l'or,Drop Zone,Pilotes de choix
2185341,Cho Yi-hyun,https://image.tmdb.org/t/p/original/cWCNUAyQ9AFUDBfEskZou4eVbEH.jpg,Metamorphosis,Dr. Cheon and Lost Talisman,Ditto
72129,Jennifer Lawrence,https://image.tmdb.org/t/p/original/k6CsASaySnS3ag0Y2Ns2vqPahVn.jpg,Hunger Games,Hunger Games : L'Embrasement,Hunger Games : La Révolte - Partie 1
20652,Cecilia Cheung,https://image.tmdb.org/t/p/original/xghVxRPUmFCHYxzD0NxMO8NtoKK.jpg,Shaolin Soccer,King of Comedy,"Wu ji, la légende des cavaliers du vent"
587634,Park Bo-gum,https://image.tmdb.org/t/p/original/lITY3WsJOFjlHkP1bJ3PwYhuNnD.jpg,Hard Day,L'Amiral,Seobok
105787,Greg Giraldo,https://image.tmdb.org/t/p/original/4fQ0n5dyohGWpZonnYO49Du0AuL.jpg,Comedian,Comedy Central Roast of Pamela Anderson,Comedy Central Roast of David Hasselhoff
131,Jake Gyllenhaal,https://image.tmdb.org/t/p/original/rJdYHYNhlcOBwbPvDZVvt1xw7bi.jpg,Spider-Man : Far From Home,Donnie Darko,Prisoners
2827430,Tyler Blevins,https://image.tmdb.org/t/p/original/qT696UyQQtm6kU6t824R4HufWUG.jpg,Free Guy,Hôtel Transylvanie : Changements monstres,A Gamer's Life
65903,Craig Hamann,https://image.tmdb.org/t/p/original/7WSKIislGgMQFuRnEI59VgjAro3.jpg,Reservoir Dogs,My Best Friend's Birthday,Scanner Cop
2722832,Nuah Ozryel,https://image.tmdb.org/t/p/original/xcfIsmLY7gbIGNkvSu5Kot6GJG9.jpg,,,
3490247,Denise Esteban,https://image.tmdb.org/t/p/original/oWfSxfnjrBL1j4kkZmiMdOK2dJ0.jpg,"Kinsenas, Katapusan",Belyas,Kaliwaan
2034418,Jacob Elordi,https://image.tmdb.org/t/p/original/lC9pK3ADyPpH4dRo2BKZBaTZPfu.jpg,The Kissing Booth,The Kissing Booth 2,Saltburn
15973,Julie Newmar,https://image.tmdb.org/t/p/original/1VJkHq8I1gfh3wBcUZMBSs0anu8.jpg,Les Hommes préfèrent les blondes,Extravagances,Les sept femmes de Barbe-Rousse
62747,Chad Michael Murray,https://image.tmdb.org/t/p/original/jIkzUQUVLkgn3HFMFRJBDAD0OLj.jpg,Freaky Friday : Dans la peau de ma mère,Comme Cendrillon,La maison de cire
234352,Margot Robbie,https://image.tmdb.org/t/p/original/euDPyqLnuwaWMHajcU3oZ9uZezR.jpg,Le Loup de Wall Street,Suicide Squad,Once Upon a Time... in Hollywood
2803710,Mason Thames,https://image.tmdb.org/t/p/original/8xgGYl8AMWVB44r8wEyweiao5bO.jpg,Black Phone,Dragons,Les Nouveaux
55638,Kevin Hart,https://image.tmdb.org/t/p/original/byiNydUlM6oP8diA7WMvYbNM7a1.jpg,Jumanji : Bienvenue dans la jungle,Jumanji : Next Level,Comme des bêtes
3897,Katie Holmes,https://image.tmdb.org/t/p/original/1o9j7xajyWILCubtElbfovu43DT.jpg,Batman Begins,Ocean's 8,The Giver - Le Passeur
15973,Julie Newmar,https://image.tmdb.org/t/p/original/1VJkHq8I1gfh3wBcUZMBSs0anu8.jpg,Les Hommes préfèrent les blondes,Extravagances,Les sept femmes de Barbe-Rousse
62747,Chad Michael Murray,https://image.tmdb.org/t/p/original/jIkzUQUVLkgn3HFMFRJBDAD0OLj.jpg,Freaky Friday : Dans la peau de ma mère,Comme Cendrillon,La maison de cire
234352,Margot Robbie,https://image.tmdb.org/t/p/original/euDPyqLnuwaWMHajcU3oZ9uZezR.jpg,Le Loup de Wall Street,Suicide Squad,Once Upon a Time... in Hollywood
2803710,Mason Thames,https://image.tmdb.org/t/p/original/8xgGYl8AMWVB44r8wEyweiao5bO.jpg,Black Phone,Dragons,Les Nouveaux
55638,Kevin Hart,https://image.tmdb.org/t/p/original/byiNydUlM6oP8diA7WMvYbNM7a1.jpg,Jumanji : Bienvenue dans la jungle,Jumanji : Next Level,Comme des bêtes
3897,Katie Holmes,https://image.tmdb.org/t/p/original/1o9j7xajyWILCubtElbfovu43DT.jpg,Batman Begins,Ocean's 8,The Giver - Le Passeur
229672,Lee Ingleby,https://image.tmdb.org/t/p/original/vgLBNxTIC9DjfIJZVS83bbyzQOU.jpg,Harry Potter et le Prisonnier d'Azkaban,Master and Commander : De l'autre côté du monde,Grindhouse
33003,Lee Tracy,https://image.tmdb.org/t/p/original/q0Pn5DD6xfziydu4rofX6pijK5F.jpg,Les Invités de huit heures,Le Docteur X,Mademoiselle Volcan
85936,Walter Hudd,https://image.tmdb.org/t/p/original/peR5wePzaafbSOu3c6cwgcQGrc0.jpg,Je sais où je vais !,Il importe d'être Constant,Coulez le Bismarck !
1042728,Úrsula Corberó,https://image.tmdb.org/t/p/original/cmH8Z459tw9YkR61QfxlCSlZw9P.jpg,Snake Eyes,En plein vol,La casa de papel : Le phénomène
2034418,Jacob Elordi,https://image.tmdb.org/t/p/original/lC9pK3ADyPpH4dRo2BKZBaTZPfu.jpg,The Kissing Booth,The Kissing Booth 2,Saltburn
3031442,Christopher Briney,https://image.tmdb.org/t/p/original/guB5wirvkOlc7PuZfpnr8ncbDMr.jpg,Mean Girls : Lolita malgré moi,Ma vie avec Dalí,je suis coincé à la dérive
1668004,Bella Ramsey,https://image.tmdb.org/t/p/original/wx78DnBixam4eXlwVVZs16fWP98.jpg,Judy,Holmes & Watson,Chicken Run : La menace nuggets
11702,Adam Brody,https://image.tmdb.org/t/p/original/qKBWrohBYegm6AAaLrtxEqqouIK.jpg,Mr. & Mrs. Smith,Shazam!,Le Cercle : The Ring
51875,Andrew V. McLaglen,https://image.tmdb.org/t/p/original/4Lxdxg5akHhsHoZToFe62L8RM9B.jpg,Depuis ton départ,Paris Underground,John Wayne - Eine amerikanische Legende
1296713,Yim Si-wan,https://image.tmdb.org/t/p/original/8XbMzvYE3KUNDW1jEHSCjM9t89n.jpg,Squid Game : Le making-of de la saison 2,Défense d'atterrir,Unlocked
1237738,Shawn Stewart,https://image.tmdb.org/t/p/original/c4EwGoQKt3nXnICMEDhdvOdjOWf.jpg,Shazam!,"Sonic 2, le film",Skyscraper
80981,Choi Seung-hyun,https://image.tmdb.org/t/p/original/1Uvd0KfCjZdPmFxp7HFnxkN0Tmf.jpg,Into the Fire,Commitment,Tazza : The Hidden Card
1640439,Mikey Madison,https://image.tmdb.org/t/p/original/b0HZr4Xa4pIR7MzTPXfIWvUZELx.jpg,Once Upon a Time... in Hollywood,Scream,Anora
60898,Sebastian Stan,https://image.tmdb.org/t/p/original/nKZgixTbHFXpkzzIpMFdLX98GYh.jpg,Avengers : Infinity War,Avengers : Endgame,Captain America : Civil War
2025252,Ester Expósito,https://image.tmdb.org/t/p/original/fFUopfnowRJvp2iOIztyUu0v2a.jpg,Ton Fils,Cuando los ángeles duermen,Venus
115150,Kaya Scodelario,https://image.tmdb.org/t/p/original/uVp7VarM5GX08hfCEGt63OM5c5c.jpg,Le Labyrinthe,Pirates des Caraïbes : La Vengeance de Salazar,Le Labyrinthe : La Terre brûlée
14329,Dean Norris,https://image.tmdb.org/t/p/original/cchkQH3DRrvwFYocx7TxyfIDAAr.jpg,Terminator 2 : Le Jugement dernier,Little Miss Sunshine,Bienvenue à Gattaca
11150,Gina Gershon,https://image.tmdb.org/t/p/original/jgry61wtl058ft9O1Rigp3qADyf.jpg,Volte/Face,P.S. I Love You,LOL USA
52889,Johnny Vegas,https://image.tmdb.org/t/p/original/8OSpG0BrJGtIWXpIlYMryVve2iK.jpg,Grimsby : Agent trop spécial,Cro Man,Tulip Fever
239258,Hazal Kaya,https://image.tmdb.org/t/p/original/gvBNGXWEyTHALxedaqRlOQgJt1S.jpg,Çalgı Çengi,İtirazım Var,Behzat Ç.: Seni Kalbime Gömdüm
15735,Helen Mirren,https://image.tmdb.org/t/p/original/1reKRrsdsHXJaRVHVyOEg4oPTcZ.jpg,Monstres Academy,Fast & Furious 8,Barbie
1571598,Ahn Hyo-seop,https://image.tmdb.org/t/p/original/ynu1x6RQnpKvsOLTvB2WhDo26D9.jpg,KPop Demon Hunters,전지적 독자 시점,
2803710,Mason Thames,https://image.tmdb.org/t/p/original/8xgGYl8AMWVB44r8wEyweiao5bO.jpg,Black Phone,Dragons,Les Nouveaux
36929,Clayton Moore,https://image.tmdb.org/t/p/original/uJSufv1R4YcwB0scngTkYYJEjds.jpg,Black Dragons,Le Justicier solitaire,Le Conquérant de la  Lune
1134569,Ai Shinozaki,https://image.tmdb.org/t/p/original/5K746DtKlFK4UdQ7NA1Xr02pzkV.jpg,The Virgin Psychics,骨壺,パンツの穴 THE MOVIE 童貞喪失ラプソディ
6726,Sheryl Lee,https://image.tmdb.org/t/p/original/7llsjKMExjQylGgmqKCpiSSapUG.jpg,Café Society,Twin Peaks: Fire Walk with Me,Winter's Bone
1526594,Lorenzo Zurzolo,https://image.tmdb.org/t/p/original/2UbxY8M2YKIblBcNQcmM7Pd6L68.jpg,Sous le soleil de Riccione,EO,Com'è bello far l'amore
3247402,Clara Galle,https://image.tmdb.org/t/p/original/ipZQNX8KECqeCHoD4dmbb883lzP.jpg,À travers ma fenêtre,À travers ma fenêtre : L'amour pour horizon,À travers ma fenêtre 3 : Les yeux dans les yeux
41229,Meg Foster,https://image.tmdb.org/t/p/original/6T6GeL0hNcsI5xtf4I5QMJv6xB7.jpg,Invasion Los Angeles,Overlord,Les Maîtres de l'Univers
1526594,Lorenzo Zurzolo,https://image.tmdb.org/t/p/original/2UbxY8M2YKIblBcNQcmM7Pd6L68.jpg,Sous le soleil de Riccione,EO,Com'è bello far l'amore
1914924,Miles Wei,https://image.tmdb.org/t/p/original/vR3Jr5DQULKi0ndD6mG1uo7lTnz.jpg,桃花缘起,蓬莱仙踪,
31070,Ryan O'Neal,https://image.tmdb.org/t/p/original/qqzLcwme60ENV8PEcdWkS2zctMx.jpg,Barry Lyndon,Un pont trop loin,La Barbe à papa
4676098,Candy Veloso,https://image.tmdb.org/t/p/original/uW04svzRyG6gHDEqydUmWQb5iK8.jpg,Init,Dirty Ice Cream,Kapalit
34054,Roberto Enríquez,https://image.tmdb.org/t/p/original/mjvYOSXwDfQSq8BHv6YlFDVgE5B.jpg,All the names of God,Azul,"Shiver, l'enfant des ténèbres"
8238,Brenda De Banzie,https://image.tmdb.org/t/p/original/zG113jpcgT1z7R0n6b0bt9BQpLG.jpg,L'Homme qui en savait trop,La Panthère rose,Les Briseurs de barrages
1133011,Melia Kreiling,https://image.tmdb.org/t/p/original/qOU56iXoaIouUX5zBip85tGKcrd.jpg,Les Gardiens de la Galaxie,Company of Heroes,Το Τελευταίο Σημείωμα
25072,Oscar Isaac,https://image.tmdb.org/t/p/original/dW5U5yrIIPmMjRThR9KT2xH6nTz.jpg,Star Wars : Le Réveil de la Force,Spider-Man : New Generation,Star Wars : Les Derniers Jedi
134497,Kerem Bürsin,https://image.tmdb.org/t/p/original/mSRS166JfH0qAUjZUFMp9nbWdC6.jpg,Sharktopus,La Grotte Bleue,Unutursam Fısılda
64295,Alan Ritchson,https://image.tmdb.org/t/p/original/92YNEEpCyugkTzPprJwZpvVtvuK.jpg,Hunger Games : L'Embrasement,Ninja Turtles,Fast & Furious X
27428,Aaron Taylor-Johnson,https://image.tmdb.org/t/p/original/pFtHhih2XEaFaD3qOFyQW6q83br.jpg,Avengers : L'Ère d'Ultron,Captain America : Le Soldat de l'hiver,Kick-Ass
38673,Channing Tatum,https://image.tmdb.org/t/p/original/4TpgnS6l8YUXSne9Av9nda6mjxY.jpg,Les Huit Salopards,Kingsman : Le Cercle d'or,21 Jump Street
2431308,Davina Karamoy,https://image.tmdb.org/t/p/original/oIew0VWK7szGvIcnQZjV9gg4kl7.jpg,Le troisième œil 2,Ipar Adalah Maut,Geez & Ann
3864440,Fahsai Paweensuda Drouin,https://image.tmdb.org/t/p/original/fWGgCHl3OIdtTFKDjsaXJ6uLbV2.jpg,,,
17303,Ali Larter,https://image.tmdb.org/t/p/original/2HOlaSd30yBCrr366GfPG2PF6D8.jpg,Destination finale,Destination finale 2,Resident Evil : Extinction
1686038,Çağan Efe Ak,https://image.tmdb.org/t/p/original/yAVeO6Ed8ZPyRYonfyiUG9TCnFj.jpg,Deliler,Kardeş Takımı 2,Kardeş Takımı
62220,Lauren Cohan,https://image.tmdb.org/t/p/original/zJ9nZ5jqQTUD55GLKbgfiKlUoBN.jpg,Batman v Superman : L'Aube de la Justice,The Boy,22 Miles
6972,Ian McShane,https://image.tmdb.org/t/p/original/qh9RTLbnr128TZLdGuXwUH9mdBM.jpg,John Wick,Pirates des Caraïbes : La Fontaine de jouvence,John Wick 2
36929,Clayton Moore,https://image.tmdb.org/t/p/original/uJSufv1R4YcwB0scngTkYYJEjds.jpg,Black Dragons,Le Justicier solitaire,Le Conquérant de la  Lune
1134569,Ai Shinozaki,https://image.tmdb.org/t/p/original/5K746DtKlFK4UdQ7NA1Xr02pzkV.jpg,The Virgin Psychics,骨壺,パンツの穴 THE MOVIE 童貞喪失ラプソディ
6726,Sheryl Lee,https://image.tmdb.org/t/p/original/7llsjKMExjQylGgmqKCpiSSapUG.jpg,Café Society,Twin Peaks: Fire Walk with Me,Winter's Bone
1526594,Lorenzo Zurzolo,https://image.tmdb.org/t/p/original/2UbxY8M2YKIblBcNQcmM7Pd6L68.jpg,Sous le soleil de Riccione,EO,Com'è bello far l'amore
3247402,Clara Galle,https://image.tmdb.org/t/p/original/ipZQNX8KECqeCHoD4dmbb883lzP.jpg,À travers ma fenêtre,À travers ma fenêtre : L'amour pour horizon,À travers ma fenêtre 3 : Les yeux dans les yeux
41229,Meg Foster,https://image.tmdb.org/t/p/original/6T6GeL0hNcsI5xtf4I5QMJv6xB7.jpg,Invasion Los Angeles,Overlord,Les Maîtres de l'Univers
21042,Ebon Moss-Bachrach,https://image.tmdb.org/t/p/original/xD8GVNayMpiTZxLfahy2DseYcQq.jpg,La Famille Tenenbaum,Le Challenge,Entre deux rives
1814297,Lee Soo,https://image.tmdb.org/t/p/original/hYncPen0QTLTH2oT6nejnM7bVW6.jpg,여직원의 맛,새엄마의 욕망,음란 과외
5485981,John Mather,https://image.tmdb.org/t/p/original/jjfJA1EBnYiwYsCZDk7iP2Gyakp.jpg,Cosmic Dawn,,
1939676,Drew Starkey,https://image.tmdb.org/t/p/original/gD3YIM3Yinc3v6Qg7dvRRKXzAyw.jpg,"Love, Simon","Le Diable, tout le temps",La voie de la justice
4886,Norman Reedus,https://image.tmdb.org/t/p/original/ozHPdO5jAt7ozzdZUgyRAMNPSDW.jpg,American Gangster,Blade II,Vive les Vacances
2843947,Ana Sofía Gatica,https://image.tmdb.org/t/p/original/oLzuB0YJ0n23WAm7pCXNPJZpvBG.jpg,Es por su bien,"Sexo, pudor y lágrimas 2",Pérdida total
1914924,Miles Wei,https://image.tmdb.org/t/p/original/vR3Jr5DQULKi0ndD6mG1uo7lTnz.jpg,桃花缘起,蓬莱仙踪,
31070,Ryan O'Neal,https://image.tmdb.org/t/p/original/qqzLcwme60ENV8PEcdWkS2zctMx.jpg,Barry Lyndon,Un pont trop loin,La Barbe à papa
1729378,Demet Özdemir,https://image.tmdb.org/t/p/original/nmy5ksmwyrdCLRaXb9DYA0pDEbh.jpg,Les Tactiques de l'amour,Les Tactiques de l'amour 2,Danse avec moi !
238374,Chris Mordetzky,https://image.tmdb.org/t/p/original/xJdWnK8rkq55pgq285eopg6I4QR.jpg,WWE WrestleMania 21,WWE Wrestlemania XXVI,WWE WrestleMania 22
1208694,Sabin Tambrea,https://image.tmdb.org/t/p/original/r7XuC8cbItvHgbmpekT6RwI8pzc.jpg,Le Tueur au calendrier,Les Siffleurs,L'Enfant de Buchenwald
4034203,Rabin Angeles,https://image.tmdb.org/t/p/original/tGtx53Yhy1n1y79YQZd58l5C6vV.jpg,The Ship Show,Instant Daddy,
56365,Charlie Hunnam,https://image.tmdb.org/t/p/original/nw9LsDNsDkPwotG7YpxRNBXmaCQ.jpg,Pacific Rim,Les Fils de l'homme,The Gentlemen
3424435,Yoo Ji-hyun,https://image.tmdb.org/t/p/original/8qBnfSVKcf742nRQk9NCgadqNPc.jpg,숙모,위험한 사촌동생,초대받은 배달부 2
78110,Scott Adkins,https://image.tmdb.org/t/p/original/9NRr2a1riIn5CWn5McZLJlk4vxR.jpg,Doctor Strange,X-Men Origins : Wolverine,La Vengeance dans la peau
1258305,Serenay Sarıkaya,https://image.tmdb.org/t/p/original/1SJAapOz81mn34WTmlx0SoPIVm.jpg,Behzat Ç.: Ankara Yanıyor,İkimizin Yerine,Alice Müzikali
4149728,Zhan Xuan,https://image.tmdb.org/t/p/original/nXU4TAGSk6wNBfqXA1eHmF0Fr19.jpg,,,
70851,Jack Black,https://image.tmdb.org/t/p/original/59IhgCtiWI5yTfzPhsjzg7GjCjm.jpg,Jumanji : Bienvenue dans la jungle,L'Âge de glace,Kung Fu Panda
19537,Megan Fox,https://image.tmdb.org/t/p/original/zQp2YM0zbC27Ws97LNbyicysk8p.jpg,Transformers,Transformers 2 : La Revanche,Ninja Turtles
1371041,Callum Turner,https://image.tmdb.org/t/p/original/vkZ35K9ge6rWNrGyRdRtS4ONITv.jpg,Les Animaux Fantastiques : Les Crimes de Grindelwald,Assassin's Creed,Les Animaux fantastiques : Les Secrets de Dumbledore
2359226,Aya Asahina,https://image.tmdb.org/t/p/original/eLlFDgznJAfbW81m0Eij36AtCRb.jpg,世界の終わりから,Grand Blue Dreaming,そして、バトンは渡された
1281,Freddie Highmore,https://image.tmdb.org/t/p/original/berpjuXALltPnJSkISZfQEDGnYQ.jpg,Charlie et la chocolaterie,À la croisée des mondes : La Boussole d'or,Neverland
16823,Jimi Blue Ochsenknecht,https://image.tmdb.org/t/p/original/5HV0pWowu15CDaX9QEH0Sen0SCV.jpg,Die Wilden Kerle,Die Wilden Kerle 2,Die Wilden Kerle 5
10882,Rosamund Pike,https://image.tmdb.org/t/p/original/8ObNklHDi2hjdz0ayzJFB9jtqzm.jpg,Gone Girl,Orgueil et Préjugés,Jack Reacher
11008,Rebecca Romijn,https://image.tmdb.org/t/p/original/5Jgmk7S3JxDUhdVLUFHUaJ42ovt.jpg,X-Men : Le Commencement,X-Men,X-Men 2
15218,James Gunn,https://image.tmdb.org/t/p/original/pnKqZub3IlKYbyH9RRTMDOoqEn0.jpg,Les Gardiens de la Galaxie,Les Gardiens de la Galaxie : Volume 3,Super
61285,Michelle Bonilla,https://image.tmdb.org/t/p/original/4XOtQ6YTL3Hiy1D1aV9CamdqoRO.jpg,"Dunston, panique au palace",Clemency,Le Plus Fou des Deux
1773397,Danny Ramirez,https://image.tmdb.org/t/p/original/zI3w5lx9b61tRtQdyyn4DWJ3RRj.jpg,Top Gun : Maverick,Captain America : Brave New World,Sans issue
54693,Emma Stone,https://image.tmdb.org/t/p/original/cZ8a3QvAnj2cgcgVL6g4XaqPzpL.jpg,The Amazing Spider-Man,La La Land,The Amazing Spider-Man : Le Destin d'un héros
32,Robin Wright,https://image.tmdb.org/t/p/original/d3rIv0y2p0jMsQ7ViR7O1606NZa.jpg,Forrest Gump,Wonder Woman,Blade Runner 2049
1541893,Ozan Akbaba,https://image.tmdb.org/t/p/original/mDMHTxid2n3D8vm2KXuEwxylzC8.jpg,Abluka - Suspicions,Anka,Aman Reis Duymasın
8691,Zoe Saldaña,https://image.tmdb.org/t/p/original/vQBwmsSOAd0JDaEcZ5p43J9xzsY.jpg,Avatar,Avengers : Infinity War,Les Gardiens de la Galaxie
1893116,Ulaş Tuna Astepe,https://image.tmdb.org/t/p/original/eonihxvNx9mFnoITa8GS4GJCp4Y.jpg,The Gulf,Zayiat,"Sarı, Siyam, Kanocular ve Ev Sahibi"
5469,Ralph Fiennes,https://image.tmdb.org/t/p/original/u29BOqiV5GCQ8k8WUJM50i9xlBf.jpg,Harry Potter et la Coupe de feu,Harry Potter et les Reliques de la Mort - 2ème partie,Harry Potter et l'Ordre du Phénix
144852,Richard Harmon,https://image.tmdb.org/t/p/original/OMc1TCt9GEJddnVI1o5BPIAoLV.jpg,Percy Jackson : Le Voleur de foudre,Adaline,Trick 'r Treat
2859698,Özge Yağız,https://image.tmdb.org/t/p/original/bvdP97oMvMmbVHgEat4LUBoIFwy.jpg,Beyaz Eşya,,
130640,Hailee Steinfeld,https://image.tmdb.org/t/p/original/ev7Vs8XdjehzAxlHIw4YB6FDTsM.jpg,Spider-Man : New Generation,Spider-Man : Across the Spider-Verse,Bumblebee
3067811,Zhou Yiran,https://image.tmdb.org/t/p/original/3KU8cdAC94SuyqwEfnyLQ7FA2h6.jpg,2024湖南卫视芒果TV跨年晚会,,
1213613,Jeri Ryan,https://image.tmdb.org/t/p/original/faRGkffYDP3WdGaqL5DF5RxEG1p.jpg,Sale môme,Bye bye love,Dracula 2001
5214195,Emirhan Çakal,https://image.tmdb.org/t/p/original/eil534XNd3ouAImFb1IZt4R4Uq9.jpg,Aşk Sadece Bir An,,
15152,James Earl Jones,https://image.tmdb.org/t/p/original/oqMPIsXrl9SZkRfIKN08eFROmH6.jpg,La Guerre des étoiles,Le Roi lion,L'Empire contre-attaque
1557181,Wi Ha-jun,https://image.tmdb.org/t/p/original/tEZuIaMESdBw4LfNq3vshGR4VlP.jpg,Gonjiam: Haunted Asylum,Squid Game : Le making-of de la saison 2,Midnight Silence
1331457,Sofia Carson,https://image.tmdb.org/t/p/original/aQudxuIAd2UEGQD1YWsdrHH11Kc.jpg,Nos cœurs meurtris,Descendants,Carry-On
6656,Bengt Ekerot,https://image.tmdb.org/t/p/original/4UxoMzIdE9PR4THNr3U2PL17veu.jpg,Le Septième Sceau,Le Visage,Les Feux de la vie
1982522,Song Weilong,https://image.tmdb.org/t/p/original/91EBpDeOvBRQ4Kh6p15LQwWshdR.jpg,我爱喵星人,Love The Way You Are,Just For Meeting You
15112,Tom Selleck,https://image.tmdb.org/t/p/original/3JaeMTmbrufVo6BZsLVeRQ9V7JR.jpg,Bienvenue chez les Robinson,Kiss & Kill,Friends : Les Retrouvailles
1100,Arnold Schwarzenegger,https://image.tmdb.org/t/p/original/2marNcjIfCUE5Z2HyrcEiJHPbsA.jpg,Terminator,Terminator 2 : Le Jugement dernier,Terminator Genisys
1028899,Meghann Fahy,https://image.tmdb.org/t/p/original/vn1JwgdLoFerqqgzcg61tgCJ0ZE.jpg,Miss Sloane,Drop Game,Those People
1368893,Sarah Kirkegaard,https://image.tmdb.org/t/p/original/9BFYYVEtJtNrSAUxI6xfi1A4QND.jpg,,,
1368893,Sarah Kirkegaard,https://image.tmdb.org/t/p/original/9BFYYVEtJtNrSAUxI6xfi1A4QND.jpg,,,
1223059,Jaime Murray,https://image.tmdb.org/t/p/original/viqfbECKPLI8nRO6sya8YFu8yc2.jpg,Fright Night 2,Les Faucheurs,Terreur au 13ème étage
4173,Anthony Hopkins,https://image.tmdb.org/t/p/original/cbFWUHhk6pZKTEm48OKVM5awNNn.jpg,Thor,Thor : Ragnarok,Thor : Le Monde des ténèbres
2887942,Eddie Karanja,https://image.tmdb.org/t/p/original/8ekoq37anVhi9XvfqmI2K0U2SHm.jpg,Jack and the Beanstalk: After Ever After,,
1613836,Rowoon,https://image.tmdb.org/t/p/original/sOTYcl8SGmtxpWq0EQKJhX8dztr.jpg,2023 KBS Music Bank Global Festival,,
14329,Dean Norris,https://image.tmdb.org/t/p/original/cchkQH3DRrvwFYocx7TxyfIDAAr.jpg,Terminator 2 : Le Jugement dernier,Little Miss Sunshine,Bienvenue à Gattaca
2210161,Devrim Özkan,https://image.tmdb.org/t/p/original/12rRcA5jxTKyFnFoq26RpOam75a.jpg,La Grotte Bleue,Her Şey Yolunda,
129104,Melissa Benoist,https://image.tmdb.org/t/p/original/1F0fCPNhb5W0WyFe8Tszfbx1DEp.jpg,Whiplash,Chemins croisés,Traque à Boston
159431,Annie Wersching,https://image.tmdb.org/t/p/original/xOTYKQp0pn7Q1XBgtbzo2yj6uWd.jpg,Bruce tout-puissant,193 coups de folie,Mystérieuse mère porteuse
2359937,Jo Yu-ri,https://image.tmdb.org/t/p/original/4GwoDQFPwpaKldOTpGrIJUzBa9h.jpg,Squid Game : Le making-of de la saison 2,아이즈 온 미 : 더 무비,"IZ*ONE ONLINE CONCERT [ONE, THE STORY]"
1333252,Baek Se-ri,https://image.tmdb.org/t/p/original/uAzUqGnwaVrKDtIPEIhZi6j4YoC.jpg,스와핑 하던 날,소설 속 주인공 처럼 하고 싶어,일대일
1522700,Burcu Özberk,https://image.tmdb.org/t/p/original/wDhKUUR7pRzgVolACed0YnSozbL.jpg,In Your Dreams,Direniş: Karatay,Badem Şekeri
5293,Willem Dafoe,https://image.tmdb.org/t/p/original/ui8e4sgZAwMPi3hzEO53jyBJF9B.jpg,Spider-Man : No Way Home,John Wick,Le Monde de Nemo
3988423,Maia Kealoha,https://image.tmdb.org/t/p/original/jqsKbBF28V2Oq5tKPR5USkNufwC.jpg,Lilo & Stitch,The Wrecking Crew,
62,Bruce Willis,https://image.tmdb.org/t/p/original/w3aXr1e7gQCn8MSp1vW4sXHn99P.jpg,Pulp Fiction,Split,Sixième Sens
10859,Ryan Reynolds,https://image.tmdb.org/t/p/original/l4t0lLxAKMOXG9zCHFQH4WyoQOO.jpg,Deadpool,Deadpool 2,Ted
50833,Walter Hampden,https://image.tmdb.org/t/p/original/wgkxdLPLCcqfSvjGCaFTqVeE7c4.jpg,Ève,Sabrina,Quasimodo
66587,Max Beesley,https://image.tmdb.org/t/p/original/v3R3TYTsXXaFXTMdeXt1D5cPe1a.jpg,Opération Fortune : Ruse de guerre,"Torque, la route s'enflamme",Pawn
501,Dakota Fanning,https://image.tmdb.org/t/p/original/6bNiiHnZZfA7YYIxO5FszvNFBlI.jpg,Once Upon a Time... in Hollywood,"Twilight, chapitre 2 : Tentation","Twilight, chapitre 5 : Révélation, 2ème partie"
77794,Elisabeth Waterston,https://image.tmdb.org/t/p/original/lOUsU8fd9P1HdKeNQiUGKd1kQmf.jpg,Le Prince et moi,Good Dick,La Fille dans le parc
1397246,Barış Arduç,https://image.tmdb.org/t/p/original/nLQ9ubRuIBSSotSNDsuQ5XKnw4C.jpg,Sadece Sen,Deliha,Mutluluk Zamanı
1581483,Terry Woodberry,https://image.tmdb.org/t/p/original/bqnqnBWKInGlY6tHnOLON4mWSIr.jpg,Asteroid-a-Geddon,DC Down,Atlantic Rim: Resurrection
83002,Jessica Chastain,https://image.tmdb.org/t/p/original/xRvRzxiiHhgUErl0yf9w8WariRE.jpg,Interstellar,Seul sur Mars,Ça : Chapitre 2
1073804,Ali Eagle,https://image.tmdb.org/t/p/original/wxi99lErxO2VIOiDhKtD9psZNDm.jpg,Lake Placid vs. Anaconda,Beethoven 6 : Une star est née !,Invincible : Le chemin de la rédemption
1781425,Seo Won,https://image.tmdb.org/t/p/original/o63ks1H6KPe7wejGHyRHTnQcqEw.jpg,여직원의 맛,미용실: 특별한 서비스,불륜 동창회3
2461,Mel Gibson,https://image.tmdb.org/t/p/original/bLzZZRyAsGJvQqsQ1hdptv93aIL.jpg,Braveheart,Signes,"Pocahontas, une légende indienne"
14289,Otto Lederer,https://image.tmdb.org/t/p/original/gGgM7wZZbc2wiuUz9uisrnaf3Iy.jpg,Le Chanteur de jazz,Le Roi des Rois,Laurel Et Hardy - Ton cor est à toi
544440,Zuria Vega,https://image.tmdb.org/t/p/original/oaTw6Qz48KMY7xwAYOAJZ8HFIFb.jpg,¿Y Cómo Es Él?,No sé si cortarme las venas o dejármelas largas,Más negro que la noche
1772,Anna Faris,https://image.tmdb.org/t/p/original/y3YKNr4qPPJZ9w4lR2a3yySKotd.jpg,22 Jump Street,Lost in Translation,Scary Movie
962585,Karen Ivany,https://image.tmdb.org/t/p/original/8Kdn5PnKDdt4yKi9fp3Q5PKCr8T.jpg,X-Men : Dark Phoenix,Poltergeist,La Magie de la famille
5563,James Coburn,https://image.tmdb.org/t/p/original/9GApjInyrVvjnTAr652C1aViPqZ.jpg,Monstres & Cie,Le Professeur Foldingue,La Grande Évasion
55089,Evan Peters,https://image.tmdb.org/t/p/original/82yu3I5vSoEqnIL3GE8oB5DHehI.jpg,Deadpool 2,X-Men : Days of Future Past,X-Men : Apocalypse
13524,Christopher Guest,https://image.tmdb.org/t/p/original/ofLhsKLZ4YAet8XIsNj7oA3blgh.jpg,La Nuit au musée 2,Princess Bride,Des hommes d'honneur
10959,Shia LaBeouf,https://image.tmdb.org/t/p/original/ljlpaXEManszxIcshYQoqo4au03.jpg,Fury,"I, Robot",Transformers
884,Steve Buscemi,https://image.tmdb.org/t/p/original/lQKdHMxfYcCBOvwRKBAxPZVNtkg.jpg,Pulp Fiction,Monstres & Cie,Reservoir Dogs
39214,Nick Jameson,https://image.tmdb.org/t/p/original/rOvaOcNigOLPeZkAFipAwBEJQF6.jpg,La Reine des neiges,La Légende de Beowulf,Polly et moi
1883366,Yoo Ji-won,https://image.tmdb.org/t/p/original/hpgMcqgkjadsmVpfIMQlXEBCnpL.jpg,동창회의 목적: 더 비기닝,청불학원,전망 좋은 집 3
54697,Dave Franco,https://image.tmdb.org/t/p/original/2diSplvpzCE5CrIKvTaplCKvwPq.jpg,Insaisissables,Insaisissables 2,21 Jump Street
16620,Hulk Hogan,https://image.tmdb.org/t/p/original/i27iSeP7hhtlFOeVnthRQ9Ox2m4.jpg,Rocky III : L'Œil du tigre,Gremlins 2 : La Nouvelle Génération,Gnomeo et Juliette
106995,Ann Bell,https://image.tmdb.org/t/p/original/tCEz6tNJUVD5kFZr8xMwyrDhEyc.jpg,Fahrenheit 451,Les anges aux poings serrés,Le train des épouvantes
2214933,Simon Bessette,https://image.tmdb.org/t/p/original/d60bpQnEsnWcfTzxS4hjwr40X1Z.jpg,,,
3295426,Ayanna Misola,https://image.tmdb.org/t/p/original/dkxVPvNEzqUPvxuVak50GzZkWGk.jpg,Bula,"Kinsenas, Katapusan",Siklo
1231,Julianne Moore,https://image.tmdb.org/t/p/original/3YF19rWusxWfEI59ZM33dFhasRq.jpg,Hunger Games : La Révolte - Partie 1,Hunger Games : La Révolte - Partie 2,The Big Lebowski
2227,Nicole Kidman,https://image.tmdb.org/t/p/original/6HPtgxF8RBFiGJSkvc4TZGERNXN.jpg,Aquaman,Les Autres,Lion
552328,Bjørn Moan,https://image.tmdb.org/t/p/original/oB9qN6EYsuVEBU76cVeDuxaDygP.jpg,Refroidis,Insomnia,Babycall
1281,Freddie Highmore,https://image.tmdb.org/t/p/original/berpjuXALltPnJSkISZfQEDGnYQ.jpg,Charlie et la chocolaterie,À la croisée des mondes : La Boussole d'or,Neverland
38334,Jennifer Coolidge,https://image.tmdb.org/t/p/original/hcpbV0dY4ZJxmZi1WcAWe8euqV2.jpg,American Pie,Click : Télécommandez votre vie,Les Désastreuses Aventures des orphelins Baudelaire
1554460,Mert Yazıcıoğlu,https://image.tmdb.org/t/p/original/hufKjgx4sFDBRP6dEgXb2CTPA1j.jpg,Dedemin İnsanları,İyi Oyun,
1293574,Ayyappa P. Sharma,https://image.tmdb.org/t/p/original/go5pwNsJo03NLVmHLf06rOz3FNT.jpg,K.G.F : Chapter 1,K.G.F : Chapter 2,ಅವತಾರ ಪುರುಷ: Part 1
2025252,Ester Expósito,https://image.tmdb.org/t/p/original/fFUopfnowRJvp2iOIztyUu0v2a.jpg,Ton Fils,Cuando los ángeles duermen,Venus
2091089,Yang Yi Tong,https://image.tmdb.org/t/p/original/34HSRwWLaSKDtXpIrzyUMgkdsLE.jpg,我是好人,,
2089573,Bre-Z,https://image.tmdb.org/t/p/original/1deusFdMrNW3uTlTzxs1MLV5mpO.jpg,True to the Game 2,Fat Camp,Can You Feel the Beat: The Lisa Lisa Story
59410,Bob Odenkirk,https://image.tmdb.org/t/p/original/rF0Lb6SBhGSTvjRffmlKRSeI3jE.jpg,Les Indestructibles 2,Nobody,Les Filles du docteur March
12727,Stanley Holloway,https://image.tmdb.org/t/p/original/3FLfK05mtqhF0mtuWVVWQCYwbA9.jpg,My Fair Lady,Brève rencontre,La Vie privée de Sherlock Holmes
1062630,Núria Casas,https://image.tmdb.org/t/p/original/2m4BBXxfhz1lyTQzYJaxwwanqpl.jpg,Le Parfum : Histoire d'un meurtrier,Tercer grado,Estigmas
2461,Mel Gibson,https://image.tmdb.org/t/p/original/bLzZZRyAsGJvQqsQ1hdptv93aIL.jpg,Braveheart,Signes,"Pocahontas, une légende indienne"
63312,Yvonne Strahovski,https://image.tmdb.org/t/p/original/giUmbTd2Kw5BSWHHSFLgVjJqIGl.jpg,The Predator,The Tomorrow War,Killer Elite
129104,Melissa Benoist,https://image.tmdb.org/t/p/original/1F0fCPNhb5W0WyFe8Tszfbx1DEp.jpg,Whiplash,Chemins croisés,Traque à Boston
2467076,Ployshompoo Supasap,https://image.tmdb.org/t/p/original/gHJjEHs0BlXkdK8lW0IocqCx5AR.jpg,,,
1236264,Liu Tao,https://image.tmdb.org/t/p/original/gcaeonDiNJyZ9bLIh23ds3TAzeA.jpg,The Foreigner,Une pluie sans fin,"My People, My Country"
19537,Megan Fox,https://image.tmdb.org/t/p/original/zQp2YM0zbC27Ws97LNbyicysk8p.jpg,Transformers,Transformers 2 : La Revanche,Ninja Turtles
3174601,Lily Santiago,https://image.tmdb.org/t/p/original/pdGmjeg5YzZQfbUuS3KofQqDHTc.jpg,Lackawanna Blues,Vineyards,Mac Beth
56446,John Cena,https://image.tmdb.org/t/p/original/rgB2eIOt7WyQjdgJCOuESdDlrjg.jpg,Barbie,The Suicide Squad,Fast & Furious 9
32,Robin Wright,https://image.tmdb.org/t/p/original/d3rIv0y2p0jMsQ7ViR7O1606NZa.jpg,Forrest Gump,Wonder Woman,Blade Runner 2049
42802,Salman Khan,https://image.tmdb.org/t/p/original/n7pKtccmf2jVOz8Qn90q2ThqLge.jpg,Bajrangi Bhaijaan,Laisse parler ton cœur,Om Shanti Om
10859,Ryan Reynolds,https://image.tmdb.org/t/p/original/l4t0lLxAKMOXG9zCHFQH4WyoQOO.jpg,Deadpool,Deadpool 2,Ted
1624486,Christine Ko,https://image.tmdb.org/t/p/original/3sC2NuCWAs5YXf4V3PWgTTNH67B.jpg,Tigertail,Extracurricular Activities,Sous le soleil de Pecan Hill
141774,Reese Alexander,https://image.tmdb.org/t/p/original/eul6KZFsSV3F2SbCXOKMINg0kfR.jpg,Cinquante Nuances de Grey,L’Interview qui tue !,Le Jour où la Terre s'arrêta
20212,Dermot Mulroney,https://image.tmdb.org/t/p/original/zemTC606JcuMgIGbJMYAocrS5Gm.jpg,Zodiac,Burn After Reading,Dirty Papy
2419701,Shiny Zhang,https://image.tmdb.org/t/p/original/w7GMwgh91b3VPNkGnX7o2P05rkX.jpg,,,
1371041,Callum Turner,https://image.tmdb.org/t/p/original/vkZ35K9ge6rWNrGyRdRtS4ONITv.jpg,Les Animaux Fantastiques : Les Crimes de Grindelwald,Assassin's Creed,Les Animaux fantastiques : Les Secrets de Dumbledore
154971,David Rappaport,https://image.tmdb.org/t/p/original/hlbdNL8mPr840vsvYPkINHzg7G4.jpg,"Bandits, bandits",La Promise,L'Épée du vaillant
2852352,Joe Munroe,https://image.tmdb.org/t/p/original/gysPB2TRczhPmwRhzXikSc0tXCh.jpg,Apex,Detective Knight: Independence,Guns Up
4225478,Ian Atwiine,https://image.tmdb.org/t/p/original/6t4p5EkCEpWqm6FkueWCgkPj9sj.jpg,Metanoia,,
2431308,Davina Karamoy,https://image.tmdb.org/t/p/original/oIew0VWK7szGvIcnQZjV9gg4kl7.jpg,Le troisième œil 2,Ipar Adalah Maut,Geez & Ann
3350497,Cormac Hyde-Corrin,https://image.tmdb.org/t/p/original/EDUoj3aQEEVq2x2EYnHpcekVkq.jpg,Napoléon,Ritual,The Green Frog
88029,Alison Brie,https://image.tmdb.org/t/p/original/uu16GiwYblS6IJV3o4qFSLWKXOC.jpg,La Grande Aventure LEGO,Pentagon Papers,Scream 4
1884900,Boran Kuzum,https://image.tmdb.org/t/p/original/fglvct2Iwq7evJJvOHHEidJcdXV.jpg,Cingöz Recai,Bihter: A forbidden passion,Le soir du 31
10882,Rosamund Pike,https://image.tmdb.org/t/p/original/8ObNklHDi2hjdz0ayzJFB9jtqzm.jpg,Gone Girl,Orgueil et Préjugés,Jack Reacher
11546,Pierre Fresnay,https://image.tmdb.org/t/p/original/kHa9UH2jlarWBkpyFSe5n1RsM8u.jpg,La Grande Illusion,L'homme qui en savait trop,Le Corbeau
1294982,Paul Walter Hauser,https://image.tmdb.org/t/p/original/hV2oiKF2xlDMXtuq3Si1TA4b6DA.jpg,Cruella,BlacKkKlansman : J'ai infiltré le Ku Klux Klan,Vice-versa 2
1366275,Jenny Powers,https://image.tmdb.org/t/p/original/orTmaZHZcEdLfEmRXqIBcmuEqHq.jpg,Confessions d'une accro du shopping,,
131049,Joyce Meadows,https://image.tmdb.org/t/p/original/ckolAZvXI41qapwhMVNvstZlrKE.jpg,Diamants sur canapé,Tuer n'est pas jouer,Le Cerveau de la planète Arous
2210161,Devrim Özkan,https://image.tmdb.org/t/p/original/12rRcA5jxTKyFnFoq26RpOam75a.jpg,La Grotte Bleue,Her Şey Yolunda,
51677,Gordon Douglas,https://image.tmdb.org/t/p/original/nQ6UrSlFEH0SvN5hA0QcdOooast.jpg,L'autre,Laurel et Hardy - Quand les poules rentrent au bercail,The Fatal Glass of Beer
78110,Scott Adkins,https://image.tmdb.org/t/p/original/9NRr2a1riIn5CWn5McZLJlk4vxR.jpg,Doctor Strange,X-Men Origins : Wolverine,La Vengeance dans la peau
1613836,Rowoon,https://image.tmdb.org/t/p/original/sOTYcl8SGmtxpWq0EQKJhX8dztr.jpg,2023 KBS Music Bank Global Festival,,
1883366,Yoo Ji-won,https://image.tmdb.org/t/p/original/hpgMcqgkjadsmVpfIMQlXEBCnpL.jpg,동창회의 목적: 더 비기닝,청불학원,전망 좋은 집 3
1397246,Barış Arduç,https://image.tmdb.org/t/p/original/nLQ9ubRuIBSSotSNDsuQ5XKnw4C.jpg,Sadece Sen,Deliha,Mutluluk Zamanı
1584432,Alperen Duymaz,https://image.tmdb.org/t/p/original/ipjCVnBGIA7vPOmo5kKP8P71Lzf.jpg,Les Cendres,Direniş: Karatay,
4173,Anthony Hopkins,https://image.tmdb.org/t/p/original/cbFWUHhk6pZKTEm48OKVM5awNNn.jpg,Thor,Thor : Ragnarok,Thor : Le Monde des ténèbres
