name,photo_url
Lionel Messi,http://commons.wikimedia.org/wiki/Special:FilePath/Lionel%20Messi%20NE%20Revolution%20Inter%20Miami%207.9.25-055.jpg
Lionel Messi,http://commons.wikimedia.org/wiki/Special:FilePath/Lionel%20Messi%20NE%20Revolution%20Inter%20Miami%207.9.25-055.jpg
Rafael Nadal,http://commons.wikimedia.org/wiki/Special:FilePath/Rafael%20Nadal%20en%202024%20%28cropped%29.jpg
Kylian Mbappé,http://commons.wikimedia.org/wiki/Special:FilePath/2019-07-17%20SG%20Dynamo%20Dresden%20vs.%20Paris%20Saint-Germain%20by%20Sandro%20Halank%E2%80%93129%20%28cropped%29.jpg
Lewis Hamilton,http://commons.wikimedia.org/wiki/Special:FilePath/Lewis%20Hamilton%202022%20S%C3%A3o%20Paulo%20Grand%20Prix%20%2852498120773%29%20%28cropped%29.jpg
Karim Benzema,http://commons.wikimedia.org/wiki/Special:FilePath/Karim%20Benzema%20wearing%20Real%20Madrid%20home%20kit%202021-2022.jpg
Wayne Rooney,http://commons.wikimedia.org/wiki/Special:FilePath/Wayne-Rooney-2015-10-21.jpg
Antoine Griezmann,http://commons.wikimedia.org/wiki/Special:FilePath/Antoine%20Griezmann%202018.jpg
Paul Pogba,http://commons.wikimedia.org/wiki/Special:FilePath/FRA-ARG%20%2811%29%20-%20Paul%20Pogba%20%28cropped%202%29.jpg
Gareth Bale,http://commons.wikimedia.org/wiki/Special:FilePath/2022%20FIFA%20World%20Cup%20United%20States%201%E2%80%931%20Wales%20-%20%2832%29%20%28cropped%29.jpg
Gerard Piqué,http://commons.wikimedia.org/wiki/Special:FilePath/GerardPique.jpg
Harry Kane,http://commons.wikimedia.org/wiki/Special:FilePath/Harry%20Kane%202023.jpg
Sergio Ramos,http://commons.wikimedia.org/wiki/Special:FilePath/Sergio%20Ramos%20Interview%202021%20%28cropped%29.jpg
Andy Murray,http://commons.wikimedia.org/wiki/Special:FilePath/Andy%20Murray%20%2844087043305%29.jpg
Andy Murray,http://commons.wikimedia.org/wiki/Special:FilePath/Murray%20A.%20REN21%20%281%29%20%2851602037818%29.jpg
Andy Murray,http://commons.wikimedia.org/wiki/Special:FilePath/2015%20Australian%20Open%20-%20Andy%20Murray%2012%20%28cropped%29.jpg
Mario Balotelli,http://commons.wikimedia.org/wiki/Special:FilePath/Mario%20Balotelli%20%2815440231808%29%20%28cropped%29%20%28cropped%29.jpg
James Rodríguez,http://commons.wikimedia.org/wiki/Special:FilePath/James%20al%20natural%20-%20Series%2C%2002.jpg
Olivier Giroud,http://commons.wikimedia.org/wiki/Special:FilePath/Olivier%20Giroud%202018.jpg
Cesc Fàbregas,http://commons.wikimedia.org/wiki/Special:FilePath/2023%20-%20Cesc%20Fabregas%20%28cropped%29.jpg
Ángel Di María,http://commons.wikimedia.org/wiki/Special:FilePath/NIG-ARG%20%285%29.jpg
Sergio Busquets,http://commons.wikimedia.org/wiki/Special:FilePath/Sergio%20Busquets%202018%20%28cropped%29.jpg
David de Gea,http://commons.wikimedia.org/wiki/Special:FilePath/David%20de%20Gea%202017.jpg
Hugo Lloris,http://commons.wikimedia.org/wiki/Special:FilePath/Lloris%202018%20%28cropped%29.jpg
Marcelo,http://commons.wikimedia.org/wiki/Special:FilePath/20180610%20FIFA%20Friendly%20Match%20Austria%20vs.%20Brazil%20Marcelo%20850%201622.jpg
Marcus Rashford,http://commons.wikimedia.org/wiki/Special:FilePath/Marcus%20Rashford%2C%20FWC%202018%20-%20Round%20of%2016%20-%20COL%20v%20ENG%20-%20Photo%20106%20%28cropped%29.jpg
Jordi Alba,http://commons.wikimedia.org/wiki/Special:FilePath/Russia-Spain%202017%20%2811%29.jpg
Paulo Dybala,http://commons.wikimedia.org/wiki/Special:FilePath/2017%20FRIENDLY%20MATCH%20RUSSIA%20v%20ARGENTINA%20-%20Paulo%20Dybala%2001.jpg
Raphaël Varane,http://commons.wikimedia.org/wiki/Special:FilePath/Rapha%C3%ABl%20Varane%202018%20%28cropped%29.jpg
David Silva,http://commons.wikimedia.org/wiki/Special:FilePath/David%20Silva%20Euro%202012%20vs%20France%2001.jpg
Philippe Coutinho,http://commons.wikimedia.org/wiki/Special:FilePath/20180610%20FIFA%20Friendly%20Match%20Austria%20vs.%20Brazil%20Philippe%20Coutinho%20850%201692.jpg
Lamine Yamal,http://commons.wikimedia.org/wiki/Special:FilePath/Lamine%20Yamal%20a%20Xina%20%282025%29.png
Casemiro,http://commons.wikimedia.org/wiki/Special:FilePath/20180610%20FIFA%20Friendly%20Match%20Austria%20vs.%20Brazil%20Casemiro%20850%201575.jpg
Gonzalo Higuaín,http://commons.wikimedia.org/wiki/Special:FilePath/Higua%C3%ADn%2020180626.jpg
Raheem Sterling,http://commons.wikimedia.org/wiki/Special:FilePath/Raheem%20Sterling%202018.jpg
Juan Mata,http://commons.wikimedia.org/wiki/Special:FilePath/Zarya-MU%20%2810%29.jpg
Diego Costa,http://commons.wikimedia.org/wiki/Special:FilePath/Iran%20and%20Spain%20match%20at%20the%20FIFA%20World%20Cup%2023.jpg
Vinicius Júnior,http://commons.wikimedia.org/wiki/Special:FilePath/Vinicius%20Jr%202021.jpg
Jordan Henderson,http://commons.wikimedia.org/wiki/Special:FilePath/FWC%202018%20-%20Round%20of%2016%20-%20COL%20v%20ENG%20-%20J%20Henderson.jpg
Keylor Navas,http://commons.wikimedia.org/wiki/Special:FilePath/Keylor%20Navas%202018%20%28cropped%29.jpg
N'Golo Kanté,http://commons.wikimedia.org/wiki/Special:FilePath/N%27Golo%20Kant%C3%A9%20%28cropped%29.jpg
Aaron Ramsey,http://commons.wikimedia.org/wiki/Special:FilePath/Aaron%20Ramsey%202019.jpg
Pierre-Emerick Aubameyang,http://commons.wikimedia.org/wiki/Special:FilePath/1%20Pierre-Emerick%20Aubameyang%20%28cropped%29.jpg
Álvaro Morata,http://commons.wikimedia.org/wiki/Special:FilePath/%C3%81lvaro%20Morata.jpg
Dani Carvajal,http://commons.wikimedia.org/wiki/Special:FilePath/UEFA%20EURO%20qualifiers%20Sweden%20vs%20Spain%2020191015%20Dani%20Carvajal%2010%20%28cropped%29.jpg
Leonardo Bonucci,http://commons.wikimedia.org/wiki/Special:FilePath/20150616%20-%20Portugal%20-%20Italie%20-%20Gen%C3%A8ve%20-%20Leonardo%20Bonucci.jpg
Pierre-Emerick Aubameyang,http://commons.wikimedia.org/wiki/Special:FilePath/1%20Pierre-Emerick%20Aubameyang%20%28cropped%29.jpg
Ashley Young,http://commons.wikimedia.org/wiki/Special:FilePath/Ashley%20Young%202018-06-13%201.jpg
Jude Bellingham,http://commons.wikimedia.org/wiki/Special:FilePath/25th%20Laureus%20World%20Sports%20Awards%20-%20Red%20Carpet%20-%20Jude%20Bellingham%20-%20240422%20190551-2%20%28cropped%29.jpg
Ousmane Dembélé,http://commons.wikimedia.org/wiki/Special:FilePath/Ousmane%20Demb%C3%A9l%C3%A9%202018%20%28cropped%29.jpg
Samuel Umtiti,http://commons.wikimedia.org/wiki/Special:FilePath/Samuel%20Umtiti%202018.jpg
Theo Walcott,http://commons.wikimedia.org/wiki/Special:FilePath/Theo%20Walcott%20happy%20with%20his%20goal%21%201%20%2816501335572%29%20%28cropped%29.jpg
Harry Maguire,http://commons.wikimedia.org/wiki/Special:FilePath/The%20Prime%20Minister%20visits%20St%20George%27s%20Park%20-%2053248339219%20%28cropped%29.jpg
Raúl Albiol,http://commons.wikimedia.org/wiki/Special:FilePath/UEFA%20EURO%20qualifiers%20Sweden%20vs%20Spain%2020191015%20136%20%28cropped%29.jpg
César Azpilicueta,http://commons.wikimedia.org/wiki/Special:FilePath/C%C3%A9sar%20Azpilicueta%2C%20Al%20Hilal%20SFC%20vs%20Chelsea%20F.C.%2C%209%20February%202022.jpg
Jamie Vardy,http://commons.wikimedia.org/wiki/Special:FilePath/Jamie%20Vardy%202018.jpg
Thiago Alcántara,http://commons.wikimedia.org/wiki/Special:FilePath/UEFA%20EURO%20qualifiers%20Sweden%20vs%20Spain%2020191015%20Thiago%20Alcantara%2013%20%28cropped%29.jpg
Jesús Navas,http://commons.wikimedia.org/wiki/Special:FilePath/Jes%C3%BAs%20Navas.jpg
Achraf Hakimi,http://commons.wikimedia.org/wiki/Special:FilePath/FC%20Salzburg%20gegen%20Paris%20Saint-Germain%20UEFA%20Champions%20League%2058.jpg
Mauro Icardi,http://commons.wikimedia.org/wiki/Special:FilePath/Zen-Int%20%282%29%20-%20Mauro%20Icardi%20%28cropped%29.jpg
Samir Nasri,http://commons.wikimedia.org/wiki/Special:FilePath/Samir%20Nasri%20Euro%202012.jpg
Luke Shaw,http://commons.wikimedia.org/wiki/Special:FilePath/Luke%20Shaw%2C%20Manchester%20United%20v%20Newcastle%20United%2C%2011%20September%202021%20%2844%29%20%28cropped%29.jpg
Francisco Román Alarcón,http://commons.wikimedia.org/wiki/Special:FilePath/Liver-RM%20%285%29%20%28cropped%29.jpg
Nacho,http://commons.wikimedia.org/wiki/Special:FilePath/Nacho%20Fern%C3%A1ndez.jpg
Danny Welbeck,http://commons.wikimedia.org/wiki/Special:FilePath/Danny%20Welbeck%202018-06-13%201.jpg
Bukayo Saka,http://commons.wikimedia.org/wiki/Special:FilePath/1%20bukayo%20saka%20arsenal%202025%20%28cropped%29.jpg
Rodri,http://commons.wikimedia.org/wiki/Special:FilePath/RODRI%20-%20SWE%20vs%20ESP%20-%20UEFA%20EURO%202020%20QUALIFIERS%20-%202019.10.15%20%28cropped%29.jpg
Ciro Immobile,http://commons.wikimedia.org/wiki/Special:FilePath/20150616%20-%20Portugal%20-%20Italie%20-%20Gen%C3%A8ve%20-%20Ciro%20Immobile%201.jpg
Riyad Mahrez,http://commons.wikimedia.org/wiki/Special:FilePath/Mahrez%202021.jpg
Kyle Walker,http://commons.wikimedia.org/wiki/Special:FilePath/Kyle%20Walker.jpg
Joe Hart,http://commons.wikimedia.org/wiki/Special:FilePath/Joe%20Hart%2069775.jpg
Phil Jones,http://commons.wikimedia.org/wiki/Special:FilePath/Phil%20Jones%20-%20July%202015%20%28cropped%29.jpg
Dele Alli,http://commons.wikimedia.org/wiki/Special:FilePath/2020-03-10%20Dele%20Alli%20%28cropped%29.jpg
Jordan Pickford,http://commons.wikimedia.org/wiki/Special:FilePath/Jordan%20Pickford%202022-07-16%201.jpg
Garbiñe Muguruza,http://commons.wikimedia.org/wiki/Special:FilePath/Garbine%20Muguruza%202016.jpg
Garbiñe Muguruza,http://commons.wikimedia.org/wiki/Special:FilePath/Muguruza%20WM19%20%2866%29%20%2848521961407%29.jpg
Denis Cheryshev,http://commons.wikimedia.org/wiki/Special:FilePath/Denis%20Cheryshev%202014.jpg
Lucas Vázquez,http://commons.wikimedia.org/wiki/Special:FilePath/Lucas%20V%C3%A1zquez.jpg
Chris Smalling,http://commons.wikimedia.org/wiki/Special:FilePath/Chris%20Smalling%202023.jpg
James Milner,http://commons.wikimedia.org/wiki/Special:FilePath/James%20Milner%202022-07-21%20Fu%C3%9Fball%2C%20M%C3%A4nner%2CFreundschaftsspiel%2C%20RB%20Leipzig%20-%20FC%20Liverpool%201DX%202223%20by%20Stepro%20%28cropped%29.jpg
Trent Alexander-Arnold,http://commons.wikimedia.org/wiki/Special:FilePath/Trent%20Alexander-Arnold%202018%20%28cropped%29.jpg
Koke,http://commons.wikimedia.org/wiki/Special:FilePath/Koke%202019.jpg
Ansu Fati,http://commons.wikimedia.org/wiki/Special:FilePath/%D0%9C%D0%B0%D1%82%D1%87%20%C2%AB%D0%94%D0%B8%D0%BD%D0%B0%D0%BC%D0%BE%C2%BB%20-%20%C2%AB%D0%91%D0%B0%D1%80%D1%81%D0%B5%D0%BB%D0%BE%D0%BD%D0%B0%C2%BB%200-1.%202%20%D0%BB%D0%B8%D1%81%D1%82%D0%BE%D0%BF%D0%B0%D0%B4%D0%B0%202021%20%D1%80%D0%BE%D0%BA%D1%83%20%E2%80%94%201289339%20%28cropped%29.jpg
Claudio Marchisio,http://commons.wikimedia.org/wiki/Special:FilePath/Claudio%20Marchisio%2C%202019%20%28cropped%29.jpg
Gianluigi Donnarumma,http://commons.wikimedia.org/wiki/Special:FilePath/Norway%20Italy%20-%20June%202025%20B%2033%20-%20Gianluigi%20Donnarumma%20%28close-up%29.jpg
Jannik Sinner,http://commons.wikimedia.org/wiki/Special:FilePath/Jannik%20Sinner%20%282024%20US%20Open%29%2004%20%28cropped%29.jpg
Dimitri Payet,http://commons.wikimedia.org/wiki/Special:FilePath/Payet%20April%202016.jpeg
Benjamin Pavard,http://commons.wikimedia.org/wiki/Special:FilePath/Benjamin%20Pavard%2020180709.jpg
Jack Wilshere,http://commons.wikimedia.org/wiki/Special:FilePath/Jack%20Wilshere%20-%20Hertha%20BSC%20vs.%20West%20Ham%20United%20%2820190731%29.jpg
Phil Foden,http://commons.wikimedia.org/wiki/Special:FilePath/Phil%20Foden%202022-11-21%201.jpg
Jadon Sancho,http://commons.wikimedia.org/wiki/Special:FilePath/Manchester%20United%20v%20Liverpool%2C%2022%20August%202022%20%2833%29%20%28cropped%29.jpg
Bojan Krkić,http://commons.wikimedia.org/wiki/Special:FilePath/Photo%20of%20Bojan%20Krkic.jpg
Pedro,http://commons.wikimedia.org/wiki/Special:FilePath/Bar%C3%A7a%20-%20Napoli%20-%2020140806%20-%20Pedro%20Rodriguez%20%28cropped%29.jpg
Fernando Llorente,http://commons.wikimedia.org/wiki/Special:FilePath/Fernando%20Llorente%20contra%20el%20H%C3%A9rcules%20en%20el%20estadio%20Jos%C3%A9%20Rico%20P%C3%A9rez%20%28american%20shot%29.jpg
Kepa Arrizabalaga,http://commons.wikimedia.org/wiki/Special:FilePath/Kepa%20Arrizabalaga%202021%20%28cropped%29.jpg
Marco Asensio,http://commons.wikimedia.org/wiki/Special:FilePath/Marco%20Asensio%202018.jpg
Pedri,http://commons.wikimedia.org/wiki/Special:FilePath/Pedri%20-%20Paris%20SG%20-%20FC%20Barcelone%202021.png
Marco Verratti,http://commons.wikimedia.org/wiki/Special:FilePath/2019-07-17%20SG%20Dynamo%20Dresden%20vs.%20Paris%20Saint-Germain%20by%20Sandro%20Halank%E2%80%93505%20%28cropped%29.jpg
Blaise Matuidi,http://commons.wikimedia.org/wiki/Special:FilePath/Matuidi%20PSG.jpg
Rodrygo,http://commons.wikimedia.org/wiki/Special:FilePath/Rodrygo%202023%20%28cropped%29.jpg
Gavi,http://commons.wikimedia.org/wiki/Special:FilePath/Gavi%20%28footballer%29.jpg
Stephan El Shaarawy,http://commons.wikimedia.org/wiki/Special:FilePath/20150616%20-%20Portugal%20-%20Italie%20-%20Gen%C3%A8ve%20-%20Stephan%20El%20Shaarawy%20%28cropped%29.jpg
Lorenzo Insigne,http://commons.wikimedia.org/wiki/Special:FilePath/Bar%C3%A7a%20-%20Napoli%20-%2020140806%20-%2013%20%28cropped%29.jpg
Anthony Martial,http://commons.wikimedia.org/wiki/Special:FilePath/Anthony%20Martial%2027%20September%202017%20cropped.jpg
Kingsley Coman,http://commons.wikimedia.org/wiki/Special:FilePath/Kingsley%20Coman%20%282019%29%20%28cropped%29.jpg
Daniel Sturridge,http://commons.wikimedia.org/wiki/Special:FilePath/LFC%20Parade%202019%2001%20Daniel%20Sturridge.jpg
Gary Cahill,http://commons.wikimedia.org/wiki/Special:FilePath/Gary%20Cahill%202018%202%20%28cropped%29%20%28cropped%29.jpg
Cole Palmer,http://commons.wikimedia.org/wiki/Special:FilePath/Cole%20Palmer%202025%20FIFA%20Club%20World%20Cup%20Final.jpg
Sergi Roberto,http://commons.wikimedia.org/wiki/Special:FilePath/2012%202013%20-%20Sergi%20Roberto.jpg
Sergi Roberto,http://commons.wikimedia.org/wiki/Special:FilePath/Sergi%20Roberto%202019%2003%2017%201.jpg
Federico Chiesa,http://commons.wikimedia.org/wiki/Special:FilePath/Federico%20Chiesa%20vs%20Zenit%202021-10-20%20%28cropped2%29.jpg
Adil Rami,http://commons.wikimedia.org/wiki/Special:FilePath/Adil%20Rami%2020120611.jpg
Eduardo Camavinga,http://commons.wikimedia.org/wiki/Special:FilePath/Ofrenda%20de%20la%20Liga%20y%20la%20Champions-13-L.Mill%C3%A1n%20%2852109790215%29%20%28cropped%29.jpg
John Stones,http://commons.wikimedia.org/wiki/Special:FilePath/1%20john%20stones%202015%20%28cropped%29.jpg
Jack Grealish,http://commons.wikimedia.org/wiki/Special:FilePath/ManCity20240722-017%20%28cropped%29.jpg
Nacho Monreal,http://commons.wikimedia.org/wiki/Special:FilePath/1%20nacho%20monreal%202015.jpg
Nacho Monreal,http://commons.wikimedia.org/wiki/Special:FilePath/Nacho%20Monreal%20Arsenal%20%28cropped%29.jpg
Carlos Alcaraz,http://commons.wikimedia.org/wiki/Special:FilePath/Carlos%20Alcaraz%20Roland%20Garros%202025%20%28cropped%29.jpg
Steve Mandanda,http://commons.wikimedia.org/wiki/Special:FilePath/Steve%20Mandanda%202018.jpg
Miralem Pjanić,http://commons.wikimedia.org/wiki/Special:FilePath/20150331%202026%20AUT%20BIH%202165%20%28cropped%29.jpg
Eric Dier,http://commons.wikimedia.org/wiki/Special:FilePath/2020-03-10%20Fu%C3%9Fball%2C%20M%C3%A4nner%2C%20UEFA%20Champions%20League%20Achtelfinale%2C%20RB%20Leipzig%20-%20Tottenham%20Hotspur%201DX%203691%20by%20Stepro.jpg
Jesse Lingard,http://commons.wikimedia.org/wiki/Special:FilePath/240609%20FC%20%EC%84%9C%EC%9A%B8%20%ED%8C%AC%EC%82%AC%EC%9D%B8%ED%9A%8C%20%28Jesse%20Lingard%29.jpg
Mason Mount,http://commons.wikimedia.org/wiki/Special:FilePath/Mountbrightonoct3%202019%20%28cropped%29.jpg
Javi Martínez,http://commons.wikimedia.org/wiki/Special:FilePath/2019147183047%202019-05-27%20Fussball%201.FC%20Kaiserslautern%20vs%20FC%20Bayern%20M%C3%BCnchen%20-%20Sven%20-%201D%20X%20MK%20II%20-%200041%20-%20AK8I1654%20%28cropped%29.jpg
Carlos Sainz Jr.,http://commons.wikimedia.org/wiki/Special:FilePath/Formel12021-SchlossGabelhofen%2815%29%20%28cropped%29.jpg
Ferrán Torres,http://commons.wikimedia.org/wiki/Special:FilePath/Ferran%20Torres%202019.png
Adrien Rabiot,http://commons.wikimedia.org/wiki/Special:FilePath/Rabiot%20asse%20om%202425.png
Jules Bianchi,http://commons.wikimedia.org/wiki/Special:FilePath/Jules%20Bianchi%202012-3.JPG
Alex Oxlade-Chamberlain,http://commons.wikimedia.org/wiki/Special:FilePath/Alex%20Oxlade-Chamberlain%20%28cropped%29.jpg
Iago Aspas,http://commons.wikimedia.org/wiki/Special:FilePath/XXIII%20Memorial%20Quinocho%20%28RC%20Celta%20vs%20Mainz%2005%29%20-%2010.jpg
Héctor Bellerín,http://commons.wikimedia.org/wiki/Special:FilePath/1%20hector%20bellerin%202015.jpg
Riccardo Montolivo,http://commons.wikimedia.org/wiki/Special:FilePath/Riccardo%20Montolivo%20Euro%202012%20vs%20England.jpg
Ignazio Abate,http://commons.wikimedia.org/wiki/Special:FilePath/Abate%20has%20balls%2C%20August%202012.jpg
Mattia De Sciglio,http://commons.wikimedia.org/wiki/Special:FilePath/20150616%20-%20Portugal%20-%20Italie%20-%20Gen%C3%A8ve%20-%20Mattia%20De%20Sciglio%201.jpg
Laurent Koscielny,http://commons.wikimedia.org/wiki/Special:FilePath/Koscielny%20France.jpg
Lucas Digne,http://commons.wikimedia.org/wiki/Special:FilePath/Lucas%20Digne%20Everton%20%28cropped%29.jpg
Jules Koundé,http://commons.wikimedia.org/wiki/Special:FilePath/Jules%20Kound%C3%A9%202020.jpg
Lando Norris,http://commons.wikimedia.org/wiki/Special:FilePath/2024-08-25%20Motorsport%2C%20Formel%201%2C%20Gro%C3%9Fer%20Preis%20der%20Niederlande%202024%20STP%204016%20by%20Stepro%20%28cropped%29.jpg
Declan Rice,http://commons.wikimedia.org/wiki/Special:FilePath/1%20declan%20rice%20arsenal%202025%20%28cropped%29.jpg
Jamal Musiala,http://commons.wikimedia.org/wiki/Special:FilePath/Jamal%20Musiala%202022%20%28cropped%29.jpg
Ander Herrera,http://commons.wikimedia.org/wiki/Special:FilePath/2019-07-17%20SG%20Dynamo%20Dresden%20vs.%20Paris%20Saint-Germain%20by%20Sandro%20Halank%E2%80%93282%20%28cropped%29.jpg
Lucas Hernandez,http://commons.wikimedia.org/wiki/Special:FilePath/Hernandez%20asse%20psg%202425.png
Dani Olmo,http://commons.wikimedia.org/wiki/Special:FilePath/Dani%20Olmo%202022.jpg
Jorge Luiz Frello,http://commons.wikimedia.org/wiki/Special:FilePath/Jorginho%20Chelsea.jpg
Alexandre Lacazette,http://commons.wikimedia.org/wiki/Special:FilePath/Alexandre%20Lacazette%20at%20Baku%20before%202019%20UEFA%20Europe%20League%20Final.jpg
Moussa Sissoko,http://commons.wikimedia.org/wiki/Special:FilePath/Moussa%20Sissoko%20cropped.JPG
Romain Grosjean,http://commons.wikimedia.org/wiki/Special:FilePath/Romain%20Grosjean%20at%20Road%20America%20in%202021.png
David Ospina,http://commons.wikimedia.org/wiki/Special:FilePath/Polic%C3%ADa%20de%20Infancia%20y%20Adolescencia%20-%20David%20Ospina%20%28cropped%29.jpeg
Medhi Benatia,http://commons.wikimedia.org/wiki/Special:FilePath/Medhi%20Benatia.jpg
Lucas Hernandez,http://commons.wikimedia.org/wiki/Special:FilePath/Hernandez%20asse%20psg%202425.png
Aurélien Tchouaméni,http://commons.wikimedia.org/wiki/Special:FilePath/Aur%C3%A9lien%20Tchouam%C3%A9ni.jpg
Danny Rose,http://commons.wikimedia.org/wiki/Special:FilePath/Danny%20Rose%202018-06-28%201.jpg
Adam Lallana,http://commons.wikimedia.org/wiki/Special:FilePath/Adam%20Lallana%20in%20Bangkok%20%2819721313015%29.jpg
Ross Barkley,http://commons.wikimedia.org/wiki/Special:FilePath/Ross%20Barkley%20in%202019.jpg
Kieran Trippier,http://commons.wikimedia.org/wiki/Special:FilePath/Kieran%20Trippier%202018-07-14%201.jpg
Emma Raducanu,http://commons.wikimedia.org/wiki/Special:FilePath/Emma%20Raducanu%20%282024%20DC%20Open%29%2003.jpg
Alexia Putellas,http://commons.wikimedia.org/wiki/Special:FilePath/Brann%20-%20Bar%C3%A7a%20Femen%C3%AD%20CG3A5851%20%28cropped%29.jpg
Nico Williams,http://commons.wikimedia.org/wiki/Special:FilePath/ATHLETIC-OSASUNA%20SEMIFINAL.%20MAIDER%20GOIKOETXEA%20%28168%29.jpg
Salvatore Sirigu,http://commons.wikimedia.org/wiki/Special:FilePath/20150616%20-%20Portugal%20-%20Italie%20-%20Gen%C3%A8ve%20-%20Salvatore%20Sirigu%201%20%28cropped%29.jpg
Alessandro Florenzi,http://commons.wikimedia.org/wiki/Special:FilePath/Florenzi%2C%20Roma-Udinese%2017%20marzo%202014.jpg
Nicolò Barella,http://commons.wikimedia.org/wiki/Special:FilePath/Nicol%C3%B2%20Barella%20in%202021.jpg
Manuel Locatelli,http://commons.wikimedia.org/wiki/Special:FilePath/MANUEL%20LOCATELLI%20-%20ZENIT%20vs%20JUVENTUS.jpg
Hatem Ben Arfa,http://commons.wikimedia.org/wiki/Special:FilePath/Hatem%20Ben%20Arfa%20Cannes%202016%202.jpg
André Ayew,http://commons.wikimedia.org/wiki/Special:FilePath/20150331%20Mali%20vs%20Ghana%20170.jpg
Pierre Gasly,http://commons.wikimedia.org/wiki/Special:FilePath/2019%20Formula%20One%20tests%20Barcelona%2C%20Gasly%20%2847200027932%29.jpg
Presnel Kimpembe,http://commons.wikimedia.org/wiki/Special:FilePath/Presnel%20Kimpembe%202022.jpg
Jonny Evans,http://commons.wikimedia.org/wiki/Special:FilePath/Jonny%20Evans%2C%20CZE-NIR%202019-10-14%20%283%29%20%28cropped%29.jpg
Kieran Gibbs,http://commons.wikimedia.org/wiki/Special:FilePath/Kieran%20Gibbs%2005-10-2014%201.jpg
Aaron Lennon,http://commons.wikimedia.org/wiki/Special:FilePath/Aaron%20Lennon%20Brighton%20v%20Spurs%20Amex%20Opening%2030711.jpg
Victor Moses,http://commons.wikimedia.org/wiki/Special:FilePath/Victor%20Moses%20in%202022.jpg
Andrew Robertson,http://commons.wikimedia.org/wiki/Special:FilePath/LFC%20Parade%202019%2001%20Andy%20Robertson.jpg
Álvaro Negredo Sánchez,http://commons.wikimedia.org/wiki/Special:FilePath/Negredo.jpg
Álvaro Negredo Sánchez,http://commons.wikimedia.org/wiki/Special:FilePath/Negredo%20a%20la%20porta%20de%20Mestalla.jpg
Pablo Sarabia,http://commons.wikimedia.org/wiki/Special:FilePath/2019-07-17%20SG%20Dynamo%20Dresden%20vs.%20Paris%20Saint-Germain%20by%20Sandro%20Halank%E2%80%93017%20%28cropped%29.jpg
Aymeric Laporte,http://commons.wikimedia.org/wiki/Special:FilePath/Aymeric%20Laporte%202023%20%28cropped%29%202.jpg
Álvaro Odriozola,http://commons.wikimedia.org/wiki/Special:FilePath/CSKA-RM18%20%2812%29%20%28cropped.jpg
Emiliano Sala,http://commons.wikimedia.org/wiki/Special:FilePath/Emiliano%20Sala.jpg
Matteo Darmian,http://commons.wikimedia.org/wiki/Special:FilePath/20150616%20-%20Portugal%20-%20Italie%20-%20Gen%C3%A8ve%20-%20Matteo%20Darmian%201.jpg
Federico Bernardeschi,http://commons.wikimedia.org/wiki/Special:FilePath/FC%20Zenit%20Saint%20Petersburg%20vs.%20Juventus%2C%2020%20October%202021%2017%20%28Federico%20Bernardeschi%29.jpg
Mathieu Debuchy,http://commons.wikimedia.org/wiki/Special:FilePath/Mathieu%20Debuchy%2C%202015-05-31.JPG
Gaël Clichy,http://commons.wikimedia.org/wiki/Special:FilePath/Gael%20Clichy%2C%20Premier%20League%20parade%2011-12%20%28cropped%29.jpg
Gaël Monfils,http://commons.wikimedia.org/wiki/Special:FilePath/Monfils%20RG19%20%2813%29%20%2848199149362%29.jpg
Alexandre Song,http://commons.wikimedia.org/wiki/Special:FilePath/Alexandre%20Song%202009.jpg
Aymeric Laporte,http://commons.wikimedia.org/wiki/Special:FilePath/Aymeric%20Laporte%202023%20%28cropped%29%202.jpg
Raphaël Guerreiro,http://commons.wikimedia.org/wiki/Special:FilePath/Rapha%C3%ABl%20Guerreiro%20%28cropped%29.jpg
Reece James,http://commons.wikimedia.org/wiki/Special:FilePath/Reece%20James%20FIFA%20Club%20World%20Cup%20final%20extraction.jpg
Andrés Guardado,http://commons.wikimedia.org/wiki/Special:FilePath/Andr%C3%A9s%20Guardado1%20%28cropped%29.jpg
José Callejón,http://commons.wikimedia.org/wiki/Special:FilePath/Russia-Spain%202017%20%284%29.jpg
Marc Bartra,http://commons.wikimedia.org/wiki/Special:FilePath/Naples%20vs%20Barcelone%20-%20Gen%C3%A8ve%20-%20aout%202014%20-%20Marc%20Bartra.jpg
Marc Bartra,http://commons.wikimedia.org/wiki/Special:FilePath/Bar%C3%A7a%20-%20Napoli%20-%2020140806%20-%20Marc%20Bartra%202.jpg
Alberto Moreno,http://commons.wikimedia.org/wiki/Special:FilePath/Alberto%20Moreno%20%28cropped%29.jpg
Manu Trigueros,http://commons.wikimedia.org/wiki/Special:FilePath/Manu%20Trigueros.JPG
Marc Cucurella,http://commons.wikimedia.org/wiki/Special:FilePath/Marc%20Cucurella.jpg
Yohan Cabaye,http://commons.wikimedia.org/wiki/Special:FilePath/Yohan%20Cabaye.JPG
Jérémy Ménez,http://commons.wikimedia.org/wiki/Special:FilePath/J%C3%A9r%C3%A9my%20M%C3%A9nez.jpg
André-Pierre Gignac,http://commons.wikimedia.org/wiki/Special:FilePath/Final%20CONCACAF%2023%20%28cropped%29.jpg
Jo-Wilfried Tsonga,http://commons.wikimedia.org/wiki/Special:FilePath/Tsonga%20QC13-007%20%289429605777%29.jpg
Jo-Wilfried Tsonga,http://commons.wikimedia.org/wiki/Special:FilePath/Tsonga%20RG21%20%2846%29%20%2851376816939%29.jpg
Kalidou Koulibaly,http://commons.wikimedia.org/wiki/Special:FilePath/Joueur%20de%20foot.jpg
Nabil Fekir,http://commons.wikimedia.org/wiki/Special:FilePath/Fekir%202018%20%28cropped%292.jpg
Corentin Tolisso,http://commons.wikimedia.org/wiki/Special:FilePath/Corentin%20Tolisso%20in%20May%202019.jpg
Esteban Ocon,http://commons.wikimedia.org/wiki/Special:FilePath/Esteban%20Ocon%202017%20Malaysia%201.jpg
Andy Carroll,http://commons.wikimedia.org/wiki/Special:FilePath/AndyCarrollSeptember2015.JPG
Alexander Albon,http://commons.wikimedia.org/wiki/Special:FilePath/Alex%20albon%20%2851383514844%29%20%28cropped%29.jpg
George Russell,http://commons.wikimedia.org/wiki/Special:FilePath/George%20Russell%2C%20Silverstone%202021%20%2851349521638%29%20%28cropped%29.jpg
Juan Francisco Torres Belén,http://commons.wikimedia.org/wiki/Special:FilePath/Juanfran%202012.jpg
Juan Francisco Torres Belén,http://commons.wikimedia.org/wiki/Special:FilePath/Juanfran%20Torres%20-%2003.jpg
Paco Alcácer,http://commons.wikimedia.org/wiki/Special:FilePath/Ukr-Spain2015%20%2812%29%20-%20%D0%BA%D0%BE%D0%BF%D0%B8%D1%8F.jpg
Marcos Alonso Mendoza,http://commons.wikimedia.org/wiki/Special:FilePath/Marcos%20Alonso.jpg
Saúl Ñíguez,http://commons.wikimedia.org/wiki/Special:FilePath/Sa%C3%BAl%20%C3%91%C3%ADguez%202021.jpg
Denis Suárez,http://commons.wikimedia.org/wiki/Special:FilePath/Denis%20Su%C3%A1rez.jpg
Dani Ceballos,http://commons.wikimedia.org/wiki/Special:FilePath/CSKA-RM18%20%2810%29.jpg
Mikel Oyarzabal,http://commons.wikimedia.org/wiki/Special:FilePath/UEFA%20EURO%20qualifiers%20Sweden%20vs%20Spain%2020191015%20108%20%28cropped%29.jpg
Davide Astori,http://commons.wikimedia.org/wiki/Special:FilePath/20150616%20-%20Portugal%20-%20Italie%20-%20Gen%C3%A8ve%20-%20Davide%20Astori%20%28cropped%29.jpg
Andrea Belotti,http://commons.wikimedia.org/wiki/Special:FilePath/Andrea%20Belotti%202021.jpg
Leonardo Spinazzola,http://commons.wikimedia.org/wiki/Special:FilePath/Leonardo%20Spinazzola%2003.jpg
Abou Diaby,http://commons.wikimedia.org/wiki/Special:FilePath/Abou%20Diaby%20Arsenal%20vs%20Birmingham%202010-11.jpg
Kurt Zouma,http://commons.wikimedia.org/wiki/Special:FilePath/Kurt%20Zouma%20West%20Ham%20%28cropped%29.jpg
Yoann Gourcuff,http://commons.wikimedia.org/wiki/Special:FilePath/Stade%20rennais%20vs%20USM%20Alger%2C%20July%2016th%202016%20-%20Yoann%20Gourcuff%201.jpg
Lassana Diarra,http://commons.wikimedia.org/wiki/Special:FilePath/Lassana%20Diarra%202014.jpg
Théo Hernandez,http://commons.wikimedia.org/wiki/Special:FilePath/FC%20Salzburg%20vs.%20AC%20Mailand%20%28UEFA%20Championsleague%202022-09-06%29%20Th%C3%A9o%20Hernandez.jpg
Ferland Mendy,http://commons.wikimedia.org/wiki/Special:FilePath/Ferland%20Mendy%2C%20June%202019.jpg
Ibrahima Konaté,http://commons.wikimedia.org/wiki/Special:FilePath/Liverpool%20FC%20gegen%201.%20FSV%20Mainz%2005%20%28Testspiel%2023.%20Juli%202021%29%2015%20%28cropped%29.jpg
Tom Cleverley,http://commons.wikimedia.org/wiki/Special:FilePath/Tom%20Cleverley%202015.jpg
Ben Chilwell,http://commons.wikimedia.org/wiki/Special:FilePath/Ben%20Chilwell%202020.jpg
Esteban Granero,http://commons.wikimedia.org/wiki/Special:FilePath/EstebanGranero.JPG
Esteban Granero,http://commons.wikimedia.org/wiki/Special:FilePath/Krasnodar-Real%20Sosiedad%20%289%29.jpg
Roberto Soldado,http://commons.wikimedia.org/wiki/Special:FilePath/Soldado%20Spain.png
Aleix Vidal,http://commons.wikimedia.org/wiki/Special:FilePath/2015%20UEFA%20Super%20Cup%2040.jpg
Mikel Merino,http://commons.wikimedia.org/wiki/Special:FilePath/1%20mikel%20merino%20arsenal%202025%20%28cropped%29.jpg
Fabián Ruiz,http://commons.wikimedia.org/wiki/Special:FilePath/UEFA%20EURO%20qualifiers%20Sweden%20vs%20Spain%2020191015%20Fabian%20Ruiz%206%20%28cropped%29.jpg
Aitana Bonmatí,http://commons.wikimedia.org/wiki/Special:FilePath/25th%20Laureus%20World%20Sports%20Awards%20-%20Red%20Carpet%20-%20Aitana%20Bonmat%C3%AD%20-%20240422%20193345-2%20%28cropped%29.jpg
Antonio Candreva,http://commons.wikimedia.org/wiki/Special:FilePath/20150616%20-%20Portugal%20-%20Italie%20-%20Gen%C3%A8ve%20-%20Antonio%20Candreva.jpg
Rodrigo de Paul,http://commons.wikimedia.org/wiki/Special:FilePath/25th%20Laureus%20World%20Sports%20Awards%20-%20Red%20Carpet%20-%20Rodrigo%20de%20Paul%20-%20240422%20192702%20%28cropped%29.jpg
Wissam Ben Yedder,http://commons.wikimedia.org/wiki/Special:FilePath/Wissam%20Ben%20Yedder%20Monaco%202019%20%28cropped%29.jpg
Alphonse Areola,http://commons.wikimedia.org/wiki/Special:FilePath/2019-07-17%20SG%20Dynamo%20Dresden%20vs.%20Paris%20Saint-Germain%20by%20Sandro%20Halank%E2%80%93011%20%28cropped%29.jpg
Thomas Lemar,http://commons.wikimedia.org/wiki/Special:FilePath/Thomas%20Lemar.jpg
Joe Gomez,http://commons.wikimedia.org/wiki/Special:FilePath/LFC%20Parade%202019%2001%20Joe%20Gomez.jpg
Scott McTominay,http://commons.wikimedia.org/wiki/Special:FilePath/Scott%20McTominay%202021.jpg
Rafael Alcántara,http://commons.wikimedia.org/wiki/Special:FilePath/Brasil%20conquista%20primeiro%20ouro%20ol%C3%ADmpico%20nos%20penaltis%201039259-20082016-%20mg%204209%20%28cropped%29.jpg
Marcos Llorente,http://commons.wikimedia.org/wiki/Special:FilePath/Marcos%20Llorente%202019.jpg
Lucas Pezzini Leiva,http://commons.wikimedia.org/wiki/Special:FilePath/Lazio%20team%20line-up%20before%20the%20Europa%20League%20match%20v%20Dynamo%20Kyiv%20%28cropped%29.jpg
Giovanni Di Lorenzo,http://commons.wikimedia.org/wiki/Special:FilePath/Norway%20Italy%20-%20June%202025%20A%2020%20%28cropped%29.jpg
Florian Thauvin,http://commons.wikimedia.org/wiki/Special:FilePath/FRA-ARG%20%286%29.jpg
Richard Gasquet,http://commons.wikimedia.org/wiki/Special:FilePath/Gasquet%20WM18%20%2843%29%20%2842123373130%29.jpg
Jordan Ayew,http://commons.wikimedia.org/wiki/Special:FilePath/20150331%20Mali%20vs%20Ghana%20023.jpg
Benjamin Mendy,http://commons.wikimedia.org/wiki/Special:FilePath/U-19%20EC-Qualifikation%20Austria%20vs.%20France%202013-06-10%20%28057%29%20%28cropped%29.jpg
Sébastien Haller,http://commons.wikimedia.org/wiki/Special:FilePath/S%C3%A9bastien%20Haller%202.jpg
Randal Kolo Muani,http://commons.wikimedia.org/wiki/Special:FilePath/Randal%20Kolo%20Muani%202020.jpg
Fabian Delph,http://commons.wikimedia.org/wiki/Special:FilePath/Fabian%20Delph%202018-06-28%203.jpg
